2026-09-20 19:10:50,754 | ERROR | 请求处理失败: /study
Traceback (most recent call last):
  File "D:\python\Lib\site-packages\starlette\middleware\errors.py", line 164, in __call__
    await self.app(scope, receive, _send)
  File "D:\python\Lib\site-packages\starlette\middleware\exceptions.py", line 63, in __call__
    await wrap_app_handling_exceptions(self.app, conn)(scope, receive, send)
  File "D:\python\Lib\site-packages\starlette\_exception_handler.py", line 53, in wrapped_app
    raise exc
  File "D:\python\Lib\site-packages\starlette\_exception_handler.py", line 42, in wrapped_app
    await app(scope, receive, sender)
  File "D:\python\Lib\site-packages\fastapi\middleware\asyncexitstack.py", line 18, in __call__
    await self.app(scope, receive, send)
  File "D:\python\Lib\site-packages\starlette\routing.py", line 670, in __call__
    await self.middleware_stack(scope, receive, send)
  File "D:\python\Lib\site-packages\fastapi\routing.py", line 2734, in app
    await route.handle(scope, receive, send)
  File "D:\python\Lib\site-packages\fastapi\routing.py", line 1281, in handle
    await super().handle(scope, receive, send)
  File "D:\python\Lib\site-packages\starlette\routing.py", line 280, in handle
    await self.app(scope, receive, send)
  File "D:\python\Lib\site-packages\fastapi\routing.py", line 158, in app
    await wrap_app_handling_exceptions(app, request)(scope, receive, send)
  File "D:\python\Lib\site-packages\starlette\_exception_handler.py", line 53, in wrapped_app
    raise exc
  File "D:\python\Lib\site-packages\starlette\_exception_handler.py", line 42, in wrapped_app
    await app(scope, receive, sender)
  File "D:\python\Lib\site-packages\fastapi\routing.py", line 144, in app
    response = await f(request)
               ^^^^^^^^^^^^^^^^
  File "D:\python\Lib\site-packages\fastapi\routing.py", line 706, in app
    raw_response = await run_endpoint_function(
                   ^^^^^^^^^^^^^^^^^^^^^^^^^^^^
  File "D:\python\Lib\site-packages\fastapi\routing.py", line 354, in run_endpoint_function
    return await run_in_threadpool(dependant.call, **values)
           ^^^^^^^^^^^^^^^^^^^^^^^^^^^^^^^^^^^^^^^^^^^^^^^^^
  File "D:\python\Lib\site-packages\starlette\concurrency.py", line 34, in run_in_threadpool
    return await anyio.to_thread.run_sync(func)
           ^^^^^^^^^^^^^^^^^^^^^^^^^^^^^^^^^^^^
  File "D:\python\Lib\site-packages\anyio\to_thread.py", line 65, in run_sync
    return await get_async_backend().run_sync_in_worker_thread(
           ^^^^^^^^^^^^^^^^^^^^^^^^^^^^^^^^^^^^^^^^^^^^^^^^^^^^
  File "D:\python\Lib\site-packages\anyio\_backends\_asyncio.py", line 2706, in run_sync_in_worker_thread
    return await future
           ^^^^^^^^^^^^
  File "D:\python\Lib\site-packages\anyio\_backends\_asyncio.py", line 1100, in run
    result = context.run(func, *args)
             ^^^^^^^^^^^^^^^^^^^^^^^^
  File "D:\Work\个人学习记录和复盘助手\main.py", line 98, in post_data
    conn = get_connection()
           ^^^^^^^^^^^^^^^^
  File "D:\Work\个人学习记录和复盘助手\data_base.py", line 9, in get_connection
    raise RuntimeError("请先设置变量")
RuntimeError: 请先设置变量
2026-09-20 19:10:57,731 | INFO | 1 change detected
2026-09-20 19:10:58,098 | INFO | 1 change detected
2026-09-20 19:10:58,455 | INFO | 1 change detected
2026-09-20 19:10:58,813 | INFO | 1 change detected
2026-09-20 19:10:59,172 | INFO | 1 change detected
2026-09-20 19:10:59,531 | INFO | 1 change detected
2026-09-20 19:10:59,893 | INFO | 1 change detected
2026-09-20 19:11:00,251 | INFO | 1 change detected
2026-09-20 19:11:00,608 | INFO | 1 change detected
2026-09-20 19:11:00,967 | INFO | 1 change detected
2026-09-20 19:11:01,323 | INFO | 1 change detected
2026-09-20 19:11:01,678 | INFO | 1 change detected
2026-09-20 19:11:02,038 | INFO | 1 change detected
2026-09-20 19:11:02,395 | INFO | 1 change detected
2026-09-20 19:11:02,754 | INFO | 1 change detected
2026-09-20 19:11:03,113 | INFO | 1 change detected
2026-09-20 19:11:03,471 | INFO | 1 change detected
2026-09-20 19:11:03,827 | INFO | 1 change detected
2026-09-20 19:11:04,184 | INFO | 1 change detected
2026-09-20 19:11:04,543 | INFO | 1 change detected
2026-09-20 19:11:04,902 | INFO | 1 change detected
2026-09-20 19:11:05,260 | INFO | 1 change detected
2026-09-20 19:11:05,618 | INFO | 1 change detected
2026-09-20 19:11:05,972 | INFO | 1 change detected
2026-09-20 19:11:06,328 | INFO | 1 change detected
2026-09-20 19:11:06,683 | INFO | 1 change detected
2026-09-20 19:11:07,041 | INFO | 1 change detected
2026-09-20 19:11:07,398 | INFO | 1 change detected
2026-09-20 19:11:07,754 | INFO | 1 change detected
2026-09-20 19:19:23,146 | INFO | 1 change detected
2026-09-20 19:19:23,780 | INFO | 1 change detected
2026-09-20 19:19:24,137 | INFO | 1 change detected
2026-09-20 19:19:24,494 | INFO | 1 change detected
2026-09-20 19:19:24,848 | INFO | 1 change detected
2026-09-20 19:19:25,206 | INFO | 1 change detected
2026-09-20 19:19:25,564 | INFO | 1 change detected
2026-09-20 19:19:25,972 | INFO | 1 change detected
2026-09-20 19:19:26,374 | INFO | 1 change detected
2026-09-20 19:19:26,737 | INFO | 1 change detected
2026-09-20 19:19:27,142 | INFO | 1 change detected
2026-09-20 19:19:27,549 | INFO | 1 change detected
2026-09-20 19:19:27,953 | INFO | 1 change detected
2026-09-20 19:19:28,355 | INFO | 1 change detected
2026-09-20 19:19:28,762 | INFO | 1 change detected
2026-09-20 19:19:29,368 | INFO | 1 change detected
2026-09-20 19:19:29,721 | INFO | 1 change detected
2026-09-20 19:19:30,128 | INFO | 1 change detected
2026-09-20 19:19:30,483 | INFO | 1 change detected
2026-09-20 19:19:30,892 | INFO | 1 change detected
2026-09-20 19:19:31,295 | INFO | 1 change detected
2026-09-20 19:19:31,698 | INFO | 1 change detected
2026-09-20 19:19:32,104 | INFO | 1 change detected
2026-09-20 19:19:32,508 | INFO | 1 change detected
2026-09-20 19:19:32,910 | INFO | 1 change detected
2026-09-20 19:19:33,312 | INFO | 1 change detected
2026-09-20 19:19:33,719 | INFO | 1 change detected
2026-09-20 19:19:34,124 | INFO | 1 change detected
2026-09-20 19:19:34,528 | INFO | 1 change detected
2026-09-20 19:19:34,932 | INFO | 1 change detected
2026-09-20 19:19:35,335 | INFO | 1 change detected
2026-09-20 19:19:35,740 | INFO | 1 change detected
2026-09-20 19:19:36,147 | INFO | 1 change detected
2026-09-20 19:19:36,551 | INFO | 1 change detected
2026-09-20 19:19:36,954 | INFO | 1 change detected
2026-09-20 19:19:37,359 | INFO | 1 change detected
2026-09-20 19:19:37,763 | INFO | 1 change detected
2026-09-20 19:19:38,166 | INFO | 1 change detected
2026-09-20 19:19:38,582 | INFO | 1 change detected
2026-09-20 19:19:38,998 | INFO | 1 change detected
2026-09-20 19:19:39,403 | INFO | 1 change detected
2026-09-20 19:19:39,809 | INFO | 1 change detected
2026-09-20 19:19:40,211 | INFO | 1 change detected
2026-09-20 19:19:40,626 | INFO | 1 change detected
2026-09-20 19:19:40,984 | INFO | 1 change detected
2026-09-20 19:19:41,392 | INFO | 1 change detected
2026-09-20 19:19:41,804 | INFO | 1 change detected
2026-09-20 19:19:42,212 | INFO | 1 change detected
2026-09-20 19:19:42,617 | INFO | 1 change detected
2026-09-20 19:19:43,022 | INFO | 1 change detected
2026-09-20 19:19:43,426 | INFO | 1 change detected
2026-09-20 19:19:43,829 | INFO | 1 change detected
2026-09-20 19:19:44,232 | INFO | 1 change detected
2026-09-20 19:19:44,635 | INFO | 1 change detected
2026-09-20 19:19:45,041 | INFO | 1 change detected
2026-09-20 19:19:45,448 | INFO | 1 change detected
2026-09-20 19:19:45,851 | INFO | 1 change detected
2026-09-20 19:19:46,254 | INFO | 1 change detected
2026-09-20 19:19:46,658 | INFO | 1 change detected
2026-09-20 19:19:47,064 | INFO | 1 change detected
2026-09-20 19:19:47,467 | INFO | 1 change detected
2026-09-20 19:19:47,871 | INFO | 1 change detected
2026-09-20 19:19:48,275 | INFO | 1 change detected
2026-09-20 19:19:48,681 | INFO | 1 change detected
2026-09-20 19:19:49,082 | INFO | 1 change detected
2026-09-20 19:19:49,489 | INFO | 1 change detected
2026-09-20 19:19:49,905 | INFO | 1 change detected
2026-09-20 19:19:50,318 | INFO | 1 change detected
2026-09-20 19:19:50,681 | INFO | 1 change detected
2026-09-20 19:19:51,090 | INFO | 1 change detected
2026-09-20 19:19:51,496 | INFO | 1 change detected
2026-09-20 19:19:51,900 | INFO | 1 change detected
2026-09-20 19:19:52,304 | INFO | 1 change detected
2026-09-20 19:19:52,709 | INFO | 1 change detected
2026-09-20 19:19:53,112 | INFO | 1 change detected
2026-09-20 19:19:53,518 | INFO | 1 change detected
2026-09-20 19:19:53,920 | INFO | 1 change detected
2026-09-20 19:19:54,326 | INFO | 1 change detected
2026-09-20 19:19:54,730 | INFO | 1 change detected
2026-09-20 19:19:55,133 | INFO | 1 change detected
2026-09-20 19:19:55,539 | INFO | 1 change detected
2026-09-20 19:19:55,947 | INFO | 1 change detected
2026-09-20 19:19:56,351 | INFO | 1 change detected
2026-09-20 19:19:56,755 | INFO | 1 change detected
2026-09-20 19:19:57,160 | INFO | 1 change detected
2026-09-20 19:19:57,566 | INFO | 1 change detected
2026-09-20 19:19:57,973 | INFO | 1 change detected
2026-09-20 19:19:58,378 | INFO | 1 change detected
2026-09-20 19:19:58,785 | INFO | 1 change detected
2026-09-20 19:19:59,190 | INFO | 1 change detected
2026-09-20 19:19:59,592 | INFO | 1 change detected
2026-09-20 19:19:59,996 | INFO | 1 change detected
2026-09-20 19:20:00,401 | INFO | 1 change detected
2026-09-20 19:20:00,803 | INFO | 1 change detected
2026-09-20 19:20:01,207 | INFO | 1 change detected
2026-09-20 19:20:01,611 | INFO | 1 change detected
2026-09-20 19:20:02,013 | INFO | 1 change detected
2026-09-20 19:20:02,419 | INFO | 1 change detected
2026-09-20 19:20:02,835 | INFO | 1 change detected
2026-09-20 19:20:03,200 | INFO | 1 change detected
2026-09-20 19:20:03,610 | INFO | 1 change detected
2026-09-20 19:20:04,013 | INFO | 1 change detected
2026-09-20 19:20:04,428 | INFO | 1 change detected
2026-09-20 19:20:04,834 | INFO | 1 change detected
2026-09-20 19:20:05,241 | INFO | 1 change detected
2026-09-20 19:20:05,643 | INFO | 1 change detected
2026-09-20 19:20:06,009 | INFO | 1 change detected
2026-09-20 19:20:06,418 | INFO | 1 change detected
2026-09-20 19:20:06,822 | INFO | 1 change detected
2026-09-20 19:20:07,227 | INFO | 1 change detected
2026-09-20 19:20:07,593 | INFO | 1 change detected
2026-09-20 19:20:08,004 | INFO | 1 change detected
2026-09-20 19:20:08,411 | INFO | 1 change detected
2026-09-20 19:20:08,826 | INFO | 1 change detected
2026-09-20 19:20:09,234 | INFO | 1 change detected
2026-09-20 19:20:09,685 | INFO | 1 change detected
2026-09-20 19:20:10,100 | INFO | 1 change detected
2026-09-20 19:20:10,504 | INFO | 1 change detected
2026-09-20 19:20:10,870 | INFO | 1 change detected
2026-09-20 19:20:11,278 | INFO | 1 change detected
2026-09-20 19:20:11,682 | INFO | 1 change detected
2026-09-20 19:20:12,087 | INFO | 1 change detected
2026-09-20 19:20:12,493 | INFO | 1 change detected
2026-09-20 19:20:12,898 | INFO | 1 change detected
2026-09-20 19:20:13,304 | INFO | 1 change detected
2026-09-20 19:20:13,706 | INFO | 1 change detected
2026-09-20 19:20:14,110 | INFO | 1 change detected
2026-09-20 19:20:14,513 | INFO | 1 change detected
2026-09-20 19:20:14,919 | INFO | 1 change detected
2026-09-20 19:20:15,324 | INFO | 1 change detected
2026-09-20 19:20:15,726 | INFO | 1 change detected
2026-09-20 19:20:16,132 | INFO | 1 change detected
2026-09-20 19:20:16,536 | INFO | 1 change detected
2026-09-20 19:20:16,943 | INFO | 1 change detected
2026-09-20 19:20:17,346 | INFO | 1 change detected
2026-09-20 19:20:17,751 | INFO | 1 change detected
2026-09-20 19:20:18,104 | INFO | 1 change detected
2026-09-20 19:20:18,511 | INFO | 1 change detected
2026-09-20 19:20:18,919 | INFO | 1 change detected
2026-09-20 19:20:19,272 | INFO | 1 change detected
2026-09-20 19:20:19,895 | INFO | 1 change detected
2026-09-20 19:20:20,255 | INFO | 1 change detected
2026-09-20 19:20:20,614 | INFO | 1 change detected
2026-09-20 19:20:21,021 | INFO | 1 change detected
2026-09-20 19:20:21,437 | INFO | 1 change detected
2026-09-20 19:20:21,794 | INFO | 1 change detected
2026-09-20 19:20:22,202 | INFO | 1 change detected
2026-09-20 19:20:22,605 | INFO | 1 change detected
2026-09-20 19:20:23,009 | INFO | 1 change detected
2026-09-20 19:20:23,411 | INFO | 1 change detected
2026-09-20 19:20:23,824 | INFO | 1 change detected
2026-09-20 19:20:24,234 | INFO | 1 change detected
2026-09-20 19:20:24,639 | INFO | 1 change detected
2026-09-20 19:20:25,059 | INFO | 1 change detected
2026-09-20 19:20:25,475 | INFO | 1 change detected
2026-09-20 19:20:25,879 | INFO | 1 change detected
2026-09-20 19:20:26,254 | INFO | 1 change detected
2026-09-20 19:20:26,659 | INFO | 1 change detected
2026-09-20 19:20:27,063 | INFO | 1 change detected
2026-09-20 19:20:27,468 | INFO | 1 change detected
2026-09-20 19:20:27,872 | INFO | 1 change detected
2026-09-20 19:20:28,276 | INFO | 1 change detected
2026-09-20 19:20:28,680 | INFO | 1 change detected
2026-09-20 19:20:29,083 | INFO | 1 change detected
2026-09-20 19:20:29,488 | INFO | 1 change detected
2026-09-20 19:20:29,892 | INFO | 1 change detected
2026-09-20 19:20:30,305 | INFO | 1 change detected
2026-09-20 19:20:30,712 | INFO | 1 change detected
2026-09-20 19:20:31,117 | INFO | 1 change detected
2026-09-20 19:20:31,520 | INFO | 1 change detected
2026-09-20 19:20:31,929 | INFO | 1 change detected
2026-09-20 19:20:32,332 | INFO | 1 change detected
2026-09-20 19:20:32,737 | INFO | 1 change detected
2026-09-20 19:20:33,141 | INFO | 1 change detected
2026-09-20 19:20:33,545 | INFO | 1 change detected
2026-09-20 19:20:33,949 | INFO | 1 change detected
2026-09-20 19:20:34,366 | INFO | 1 change detected
2026-09-20 19:20:34,821 | INFO | 1 change detected
2026-09-20 19:20:35,235 | INFO | 1 change detected
2026-09-20 19:20:35,638 | INFO | 1 change detected
2026-09-20 19:20:36,045 | INFO | 1 change detected
2026-09-20 19:20:36,452 | INFO | 1 change detected
2026-09-20 19:20:36,856 | INFO | 1 change detected
2026-09-20 19:20:37,262 | INFO | 1 change detected
2026-09-20 19:20:37,668 | INFO | 1 change detected
2026-09-20 19:20:38,072 | INFO | 1 change detected
2026-09-20 19:20:38,475 | INFO | 1 change detected
2026-09-20 19:20:38,876 | INFO | 1 change detected
2026-09-20 19:20:39,282 | INFO | 1 change detected
2026-09-20 19:20:39,637 | INFO | 1 change detected
2026-09-20 19:20:40,046 | INFO | 1 change detected
2026-09-20 19:20:40,451 | INFO | 1 change detected
2026-09-20 19:20:40,854 | INFO | 1 change detected
2026-09-20 19:20:41,259 | INFO | 1 change detected
2026-09-20 19:20:41,661 | INFO | 1 change detected
2026-09-20 19:20:42,067 | INFO | 1 change detected
2026-09-20 19:20:42,472 | INFO | 1 change detected
2026-09-20 19:20:42,874 | INFO | 1 change detected
2026-09-20 19:20:43,279 | INFO | 1 change detected
2026-09-20 19:20:43,683 | INFO | 1 change detected
2026-09-20 19:20:44,100 | INFO | 1 change detected
2026-09-20 19:20:44,458 | INFO | 1 change detected
2026-09-20 19:20:44,867 | INFO | 1 change detected
2026-09-20 19:20:45,272 | INFO | 1 change detected
2026-09-20 19:20:45,676 | INFO | 1 change detected
2026-09-20 19:20:46,079 | INFO | 1 change detected
2026-09-20 19:20:46,485 | INFO | 1 change detected
2026-09-20 19:20:46,889 | INFO | 1 change detected
2026-09-20 19:20:47,293 | INFO | 1 change detected
2026-09-20 19:20:47,697 | INFO | 1 change detected
2026-09-20 19:20:48,102 | INFO | 1 change detected
2026-09-20 19:20:48,509 | INFO | 1 change detected
2026-09-20 19:20:48,914 | INFO | 1 change detected
2026-09-20 19:20:49,317 | INFO | 1 change detected
2026-09-20 19:20:49,672 | INFO | 1 change detected
2026-09-20 19:20:50,076 | INFO | 1 change detected
2026-09-20 19:20:50,482 | INFO | 1 change detected
2026-09-20 19:20:50,886 | INFO | 1 change detected
2026-09-20 19:20:51,289 | INFO | 1 change detected
2026-09-20 19:20:51,705 | INFO | 1 change detected
2026-09-20 19:20:52,109 | INFO | 1 change detected
2026-09-20 19:20:52,484 | INFO | 1 change detected
2026-09-20 19:20:52,900 | INFO | 1 change detected
2026-09-20 19:20:53,307 | INFO | 1 change detected
2026-09-20 19:20:53,710 | INFO | 1 change detected
2026-09-20 19:20:54,116 | INFO | 1 change detected
2026-09-20 19:20:54,521 | INFO | 1 change detected
2026-09-20 19:20:55,026 | INFO | 1 change detected
2026-09-20 19:20:55,437 | INFO | 1 change detected
2026-09-20 19:20:55,842 | INFO | 1 change detected
2026-09-20 19:20:56,248 | INFO | 1 change detected
2026-09-20 19:20:56,654 | INFO | 1 change detected
2026-09-20 19:20:57,060 | INFO | 1 change detected
2026-09-20 19:20:57,512 | INFO | 1 change detected
2026-09-20 19:20:57,864 | INFO | 1 change detected
2026-09-20 19:20:58,271 | INFO | 1 change detected
2026-09-20 19:20:58,677 | INFO | 1 change detected
2026-09-20 19:20:59,085 | INFO | 1 change detected
2026-09-20 19:20:59,451 | INFO | 1 change detected
2026-09-20 19:20:59,860 | INFO | 1 change detected
2026-09-20 19:21:00,277 | INFO | 1 change detected
2026-09-20 19:21:00,679 | INFO | 1 change detected
2026-09-20 19:21:01,085 | INFO | 1 change detected
2026-09-20 19:21:01,489 | INFO | 1 change detected
2026-09-20 19:21:01,895 | INFO | 1 change detected
2026-09-20 19:21:02,301 | INFO | 1 change detected
2026-09-20 19:21:02,704 | INFO | 1 change detected
2026-09-20 19:21:03,110 | INFO | 1 change detected
2026-09-20 19:21:03,515 | INFO | 1 change detected
2026-09-20 19:21:03,919 | INFO | 1 change detected
2026-09-20 19:21:04,328 | INFO | 1 change detected
2026-09-20 19:21:04,693 | INFO | 1 change detected
2026-09-20 19:21:05,100 | INFO | 1 change detected
2026-09-20 19:21:05,554 | INFO | 1 change detected
2026-09-20 19:21:05,917 | INFO | 1 change detected
2026-09-20 19:21:06,323 | INFO | 1 change detected
2026-09-20 19:21:06,729 | INFO | 1 change detected
2026-09-20 19:21:07,135 | INFO | 1 change detected
2026-09-20 19:21:07,545 | INFO | 1 change detected
2026-09-20 19:21:07,961 | INFO | 1 change detected
2026-09-20 19:21:08,367 | INFO | 1 change detected
2026-09-20 19:21:08,769 | INFO | 1 change detected
2026-09-20 19:21:09,174 | INFO | 1 change detected
2026-09-20 19:21:09,579 | INFO | 1 change detected
2026-09-20 19:21:09,983 | INFO | 1 change detected
2026-09-20 19:21:10,398 | INFO | 1 change detected
2026-09-20 19:21:10,802 | INFO | 1 change detected
2026-09-20 19:21:11,206 | INFO | 1 change detected
2026-09-20 19:21:11,611 | INFO | 1 change detected
2026-09-20 19:21:12,013 | INFO | 1 change detected
2026-09-20 19:21:12,420 | INFO | 1 change detected
2026-09-20 19:21:12,775 | INFO | 1 change detected
2026-09-20 19:21:13,178 | INFO | 1 change detected
2026-09-20 19:21:13,582 | INFO | 1 change detected
2026-09-20 19:21:13,985 | INFO | 1 change detected
2026-09-20 19:21:14,402 | INFO | 1 change detected
2026-09-20 19:21:14,804 | INFO | 1 change detected
2026-09-20 19:21:15,209 | INFO | 1 change detected
2026-09-20 19:21:15,613 | INFO | 1 change detected
2026-09-20 19:21:16,017 | INFO | 1 change detected
2026-09-20 19:21:16,422 | INFO | 1 change detected
2026-09-20 19:21:16,827 | INFO | 1 change detected
2026-09-20 19:21:17,230 | INFO | 1 change detected
2026-09-20 19:21:17,636 | INFO | 1 change detected
2026-09-20 19:21:18,040 | INFO | 1 change detected
2026-09-20 19:21:18,448 | INFO | 1 change detected
2026-09-20 19:21:18,850 | INFO | 1 change detected
2026-09-20 19:21:19,253 | INFO | 1 change detected
2026-09-20 19:21:19,657 | INFO | 1 change detected
2026-09-20 19:21:20,060 | INFO | 1 change detected
2026-09-20 19:21:20,462 | INFO | 1 change detected
2026-09-20 19:21:20,868 | INFO | 1 change detected
2026-09-20 19:21:21,275 | INFO | 1 change detected
2026-09-20 19:21:21,641 | INFO | 1 change detected
2026-09-20 19:21:22,048 | INFO | 1 change detected
2026-09-20 19:21:22,453 | INFO | 1 change detected
2026-09-20 19:21:22,860 | INFO | 1 change detected
2026-09-20 19:21:23,266 | INFO | 1 change detected
2026-09-20 19:21:23,671 | INFO | 1 change detected
2026-09-20 19:21:24,077 | INFO | 1 change detected
2026-09-20 19:21:24,480 | INFO | 1 change detected
2026-09-20 19:21:24,896 | INFO | 1 change detected
2026-09-20 19:21:25,300 | INFO | 1 change detected
2026-09-20 19:21:25,654 | INFO | 1 change detected
2026-09-20 19:21:26,062 | INFO | 1 change detected
2026-09-20 19:21:26,466 | INFO | 1 change detected
2026-09-20 19:21:26,872 | INFO | 1 change detected
2026-09-20 19:21:27,275 | INFO | 1 change detected
2026-09-20 19:21:27,680 | INFO | 1 change detected
2026-09-20 19:21:28,085 | INFO | 1 change detected
2026-09-20 19:21:28,491 | INFO | 1 change detected
2026-09-20 19:21:28,907 | INFO | 1 change detected
2026-09-20 19:21:29,313 | INFO | 1 change detected
2026-09-20 19:21:29,670 | INFO | 1 change detected
2026-09-20 19:21:30,076 | INFO | 1 change detected
2026-09-20 19:21:30,480 | INFO | 1 change detected
2026-09-20 19:21:30,884 | INFO | 1 change detected
2026-09-20 19:21:31,337 | INFO | 1 change detected
2026-09-20 19:21:31,738 | INFO | 1 change detected
2026-09-20 19:21:32,144 | INFO | 1 change detected
2026-09-20 19:21:32,550 | INFO | 1 change detected
2026-09-20 19:21:32,951 | INFO | 1 change detected
2026-09-20 19:21:33,353 | INFO | 1 change detected
2026-09-20 19:21:33,755 | INFO | 1 change detected
2026-09-20 19:21:34,159 | INFO | 1 change detected
2026-09-20 19:21:34,574 | INFO | 1 change detected
2026-09-20 19:21:34,940 | INFO | 1 change detected
2026-09-20 19:21:35,346 | INFO | 1 change detected
2026-09-20 19:21:35,813 | INFO | 1 change detected
2026-09-20 19:21:36,179 | INFO | 1 change detected
2026-09-20 19:21:36,587 | INFO | 1 change detected
2026-09-20 19:21:36,990 | INFO | 1 change detected
2026-09-20 19:21:37,396 | INFO | 1 change detected
2026-09-20 19:21:37,800 | INFO | 1 change detected
2026-09-20 19:21:38,204 | INFO | 1 change detected
2026-09-20 19:21:38,608 | INFO | 1 change detected
2026-09-20 19:21:39,016 | INFO | 1 change detected
2026-09-20 19:21:39,418 | INFO | 1 change detected
2026-09-20 19:21:39,821 | INFO | 1 change detected
2026-09-20 19:21:40,225 | INFO | 1 change detected
2026-09-20 19:21:40,629 | INFO | 1 change detected
2026-09-20 19:21:41,033 | INFO | 1 change detected
2026-09-20 19:21:41,437 | INFO | 1 change detected
2026-09-20 19:21:41,839 | INFO | 1 change detected
2026-09-20 19:21:42,256 | INFO | 1 change detected
2026-09-20 19:21:42,662 | INFO | 1 change detected
2026-09-20 19:21:43,064 | INFO | 1 change detected
2026-09-20 19:21:43,469 | INFO | 1 change detected
2026-09-20 19:21:43,844 | INFO | 1 change detected
2026-09-20 19:21:44,259 | INFO | 1 change detected
2026-09-20 19:21:44,675 | INFO | 1 change detected
2026-09-20 19:21:45,027 | INFO | 1 change detected
2026-09-20 19:21:45,583 | INFO | 1 change detected
2026-09-20 19:21:45,942 | INFO | 1 change detected
2026-09-20 19:21:46,298 | INFO | 1 change detected
2026-09-20 19:21:46,655 | INFO | 1 change detected
2026-09-20 19:21:47,063 | INFO | 1 change detected
2026-09-20 19:21:47,465 | INFO | 1 change detected
2026-09-20 19:21:47,871 | INFO | 1 change detected
2026-09-20 19:21:48,276 | INFO | 1 change detected
2026-09-20 19:21:48,679 | INFO | 1 change detected
2026-09-20 19:21:49,094 | INFO | 1 change detected
2026-09-20 19:21:49,499 | INFO | 1 change detected
2026-09-20 19:21:49,903 | INFO | 1 change detected
2026-09-20 19:21:50,307 | INFO | 1 change detected
2026-09-20 19:21:50,711 | INFO | 1 change detected
2026-09-20 19:21:51,066 | INFO | 1 change detected
2026-09-20 19:21:51,471 | INFO | 1 change detected
2026-09-20 19:21:51,877 | INFO | 1 change detected
2026-09-20 19:21:52,282 | INFO | 1 change detected
2026-09-20 19:21:52,684 | INFO | 1 change detected
2026-09-20 19:21:53,087 | INFO | 1 change detected
2026-09-20 19:21:53,492 | INFO | 1 change detected
2026-09-20 19:21:53,895 | INFO | 1 change detected
2026-09-20 19:21:54,310 | INFO | 1 change detected
2026-09-20 19:21:54,719 | INFO | 1 change detected
2026-09-20 19:21:55,121 | INFO | 1 change detected
2026-09-20 19:21:55,526 | INFO | 1 change detected
2026-09-20 19:21:55,932 | INFO | 1 change detected
2026-09-20 19:21:56,334 | INFO | 1 change detected
2026-09-20 19:21:56,738 | INFO | 1 change detected
2026-09-20 19:21:57,102 | INFO | 1 change detected
2026-09-20 19:21:57,509 | INFO | 1 change detected
2026-09-20 19:21:57,913 | INFO | 1 change detected
2026-09-20 19:21:58,314 | INFO | 1 change detected
2026-09-20 19:21:58,719 | INFO | 1 change detected
2026-09-20 19:21:59,125 | INFO | 1 change detected
2026-09-20 19:21:59,528 | INFO | 1 change detected
2026-09-20 19:21:59,931 | INFO | 1 change detected
2026-09-20 19:22:00,333 | INFO | 1 change detected
2026-09-20 19:22:00,737 | INFO | 1 change detected
2026-09-20 19:22:01,141 | INFO | 1 change detected
2026-09-20 19:22:01,545 | INFO | 1 change detected
2026-09-20 19:22:01,949 | INFO | 1 change detected
2026-09-20 19:22:02,352 | INFO | 1 change detected
2026-09-20 19:22:02,756 | INFO | 1 change detected
2026-09-20 19:22:03,161 | INFO | 1 change detected
2026-09-20 19:22:03,578 | INFO | 1 change detected
2026-09-20 19:22:03,981 | INFO | 1 change detected
2026-09-20 19:22:04,384 | INFO | 1 change detected
2026-09-20 19:22:04,786 | INFO | 1 change detected
2026-09-20 19:22:05,189 | INFO | 1 change detected
2026-09-20 19:22:05,594 | INFO | 1 change detected
2026-09-20 19:22:05,999 | INFO | 1 change detected
2026-09-20 19:22:06,404 | INFO | 1 change detected
2026-09-20 19:22:06,770 | INFO | 1 change detected
2026-09-20 19:22:07,390 | INFO | 1 change detected
2026-09-20 19:22:07,747 | INFO | 1 change detected
2026-09-20 19:22:08,103 | INFO | 1 change detected
2026-09-20 19:22:08,459 | INFO | 1 change detected
2026-09-20 19:22:08,816 | INFO | 1 change detected
2026-09-20 19:22:09,223 | INFO | 1 change detected
2026-09-20 19:22:09,631 | INFO | 1 change detected
2026-09-20 19:22:10,047 | INFO | 1 change detected
2026-09-20 19:22:10,451 | INFO | 1 change detected
2026-09-20 19:22:10,856 | INFO | 1 change detected
2026-09-20 19:22:11,259 | INFO | 1 change detected
2026-09-20 19:22:11,663 | INFO | 1 change detected
2026-09-20 19:22:12,067 | INFO | 1 change detected
2026-09-20 19:22:12,572 | INFO | 1 change detected
2026-09-20 19:22:12,984 | INFO | 1 change detected
2026-09-20 19:22:13,391 | INFO | 1 change detected
2026-09-20 19:22:13,798 | INFO | 1 change detected
2026-09-20 19:22:14,214 | INFO | 1 change detected
2026-09-20 19:22:14,620 | INFO | 1 change detected
2026-09-20 19:22:15,023 | INFO | 1 change detected
2026-09-20 19:22:15,431 | INFO | 1 change detected
2026-09-20 19:22:15,834 | INFO | 1 change detected
2026-09-20 19:22:16,250 | INFO | 1 change detected
2026-09-20 19:22:16,655 | INFO | 1 change detected
2026-09-20 19:22:17,061 | INFO | 1 change detected
2026-09-20 19:22:17,426 | INFO | 1 change detected
2026-09-20 19:22:17,834 | INFO | 1 change detected
2026-09-20 19:22:18,237 | INFO | 1 change detected
2026-09-20 19:22:18,640 | INFO | 1 change detected
2026-09-20 19:22:19,045 | INFO | 1 change detected
2026-09-20 19:22:19,451 | INFO | 1 change detected
2026-09-20 19:22:19,854 | INFO | 1 change detected
2026-09-20 19:22:20,260 | INFO | 1 change detected
2026-09-20 19:22:20,663 | INFO | 1 change detected
2026-09-20 19:22:21,067 | INFO | 1 change detected
2026-09-20 19:22:21,470 | INFO | 1 change detected
2026-09-20 19:22:21,872 | INFO | 1 change detected
2026-09-20 19:22:22,278 | INFO | 1 change detected
2026-09-20 19:22:22,683 | INFO | 1 change detected
2026-09-20 19:22:23,090 | INFO | 1 change detected
2026-09-20 19:22:23,493 | INFO | 1 change detected
2026-09-20 19:22:23,846 | INFO | 1 change detected
2026-09-20 19:22:24,255 | INFO | 1 change detected
2026-09-20 19:22:24,662 | INFO | 1 change detected
2026-09-20 19:22:25,067 | INFO | 1 change detected
2026-09-20 19:22:25,472 | INFO | 1 change detected
2026-09-20 19:22:25,876 | INFO | 1 change detected
2026-09-20 19:22:26,282 | INFO | 1 change detected
2026-09-20 19:22:26,689 | INFO | 1 change detected
2026-09-20 19:22:27,091 | INFO | 1 change detected
2026-09-20 19:22:27,493 | INFO | 1 change detected
2026-09-20 19:22:27,897 | INFO | 1 change detected
2026-09-20 19:22:28,298 | INFO | 1 change detected
2026-09-20 19:22:28,701 | INFO | 1 change detected
2026-09-20 19:22:29,104 | INFO | 1 change detected
2026-09-20 19:22:29,507 | INFO | 1 change detected
2026-09-20 19:22:29,912 | INFO | 1 change detected
2026-09-20 19:22:30,315 | INFO | 1 change detected
2026-09-20 19:22:30,721 | INFO | 1 change detected
2026-09-20 19:22:31,124 | INFO | 1 change detected
2026-09-20 19:22:31,490 | INFO | 1 change detected
2026-09-20 19:22:31,900 | INFO | 1 change detected
2026-09-20 19:22:32,304 | INFO | 1 change detected
2026-09-20 19:22:32,720 | INFO | 1 change detected
2026-09-20 19:22:33,123 | INFO | 1 change detected
2026-09-20 19:22:33,527 | INFO | 1 change detected
2026-09-20 19:22:33,931 | INFO | 1 change detected
2026-09-20 19:22:34,336 | INFO | 1 change detected
2026-09-20 19:22:34,740 | INFO | 1 change detected
2026-09-20 19:22:35,142 | INFO | 1 change detected
2026-09-20 19:22:35,499 | INFO | 1 change detected
2026-09-20 19:22:35,907 | INFO | 1 change detected
2026-09-20 19:22:36,312 | INFO | 1 change detected
2026-09-20 19:22:36,717 | INFO | 1 change detected
2026-09-20 19:22:37,119 | INFO | 1 change detected
2026-09-20 19:22:37,537 | INFO | 1 change detected
2026-09-20 19:22:37,940 | INFO | 1 change detected
2026-09-20 19:22:38,297 | INFO | 1 change detected
2026-09-20 19:22:38,703 | INFO | 1 change detected
2026-09-20 19:22:39,111 | INFO | 1 change detected
2026-09-20 19:22:39,515 | INFO | 1 change detected
2026-09-20 19:22:39,920 | INFO | 1 change detected
2026-09-20 19:22:40,326 | INFO | 1 change detected
2026-09-20 19:22:40,731 | INFO | 1 change detected
2026-09-20 19:22:41,140 | INFO | 1 change detected
2026-09-20 19:22:41,544 | INFO | 1 change detected
2026-09-20 19:22:41,950 | INFO | 1 change detected
2026-09-20 19:22:42,355 | INFO | 1 change detected
2026-09-20 19:22:42,758 | INFO | 1 change detected
2026-09-20 19:22:43,166 | INFO | 1 change detected
2026-09-20 19:22:43,569 | INFO | 1 change detected
2026-09-20 19:22:43,976 | INFO | 1 change detected
2026-09-20 19:22:44,383 | INFO | 1 change detected
2026-09-20 19:22:44,785 | INFO | 1 change detected
2026-09-20 19:22:45,188 | INFO | 1 change detected
2026-09-20 19:22:45,592 | INFO | 1 change detected
2026-09-20 19:22:45,994 | INFO | 1 change detected
2026-09-20 19:22:46,402 | INFO | 1 change detected
2026-09-20 19:22:46,804 | INFO | 1 change detected
2026-09-20 19:22:47,206 | INFO | 1 change detected
2026-09-20 19:22:47,609 | INFO | 1 change detected
2026-09-20 19:22:48,015 | INFO | 1 change detected
2026-09-20 19:22:48,417 | INFO | 1 change detected
2026-09-20 19:22:48,779 | INFO | 1 change detected
2026-09-20 19:22:49,183 | INFO | 1 change detected
2026-09-20 19:22:49,586 | INFO | 1 change detected
2026-09-20 19:22:49,991 | INFO | 1 change detected
2026-09-20 19:22:50,399 | INFO | 1 change detected
2026-09-20 19:22:50,802 | INFO | 1 change detected
2026-09-20 19:22:51,206 | INFO | 1 change detected
2026-09-20 19:22:51,610 | INFO | 1 change detected
2026-09-20 19:22:52,018 | INFO | 1 change detected
2026-09-20 19:22:52,423 | INFO | 1 change detected
2026-09-20 19:22:52,827 | INFO | 1 change detected
2026-09-20 19:22:53,235 | INFO | 1 change detected
2026-09-20 19:22:53,638 | INFO | 1 change detected
2026-09-20 19:22:54,043 | INFO | 1 change detected
2026-09-20 19:22:54,448 | INFO | 1 change detected
2026-09-20 19:22:54,851 | INFO | 1 change detected
2026-09-20 19:22:55,206 | INFO | 1 change detected
2026-09-20 19:22:55,612 | INFO | 1 change detected
2026-09-20 19:22:56,017 | INFO | 1 change detected
2026-09-20 19:22:56,420 | INFO | 1 change detected
2026-09-20 19:22:56,824 | INFO | 1 change detected
2026-09-20 19:22:57,229 | INFO | 1 change detected
2026-09-20 19:22:57,631 | INFO | 1 change detected
2026-09-20 19:22:57,988 | INFO | 1 change detected
2026-09-20 19:22:58,398 | INFO | 1 change detected
2026-09-20 19:22:58,800 | INFO | 1 change detected
2026-09-20 19:22:59,205 | INFO | 1 change detected
2026-09-20 19:22:59,609 | INFO | 1 change detected
2026-09-20 19:23:00,016 | INFO | 1 change detected
2026-09-20 19:23:00,419 | INFO | 1 change detected
2026-09-20 19:23:00,823 | INFO | 1 change detected
2026-09-20 19:23:01,225 | INFO | 1 change detected
2026-09-20 19:23:01,631 | INFO | 1 change detected
2026-09-20 19:23:02,033 | INFO | 1 change detected
2026-09-20 19:23:02,399 | INFO | 1 change detected
2026-09-20 19:23:02,808 | INFO | 1 change detected
2026-09-20 19:23:03,211 | INFO | 1 change detected
2026-09-20 19:23:03,621 | INFO | 1 change detected
2026-09-20 19:23:04,038 | INFO | 1 change detected
2026-09-20 19:23:04,393 | INFO | 1 change detected
2026-09-20 19:23:04,801 | INFO | 1 change detected
2026-09-20 19:23:05,203 | INFO | 1 change detected
2026-09-20 19:23:05,607 | INFO | 1 change detected
2026-09-20 19:23:06,011 | INFO | 1 change detected
2026-09-20 19:23:06,414 | INFO | 1 change detected
2026-09-20 19:23:06,836 | INFO | 1 change detected
2026-09-20 19:23:07,241 | INFO | 1 change detected
2026-09-20 19:23:07,595 | INFO | 1 change detected
2026-09-20 19:23:08,003 | INFO | 1 change detected
2026-09-20 19:23:08,407 | INFO | 1 change detected
2026-09-20 19:23:08,810 | INFO | 1 change detected
2026-09-20 19:23:09,212 | INFO | 1 change detected
2026-09-20 19:23:09,615 | INFO | 1 change detected
2026-09-20 19:23:10,032 | INFO | 1 change detected
2026-09-20 19:23:10,436 | INFO | 1 change detected
2026-09-20 19:23:10,842 | INFO | 1 change detected
2026-09-20 19:23:11,250 | INFO | 1 change detected
2026-09-20 19:23:11,655 | INFO | 1 change detected
2026-09-20 19:23:12,057 | INFO | 1 change detected
2026-09-20 19:23:12,413 | INFO | 1 change detected
2026-09-20 19:23:12,822 | INFO | 1 change detected
2026-09-20 19:23:13,224 | INFO | 1 change detected
2026-09-20 19:23:13,626 | INFO | 1 change detected
2026-09-20 19:23:14,031 | INFO | 1 change detected
2026-09-20 19:23:14,433 | INFO | 1 change detected
2026-09-20 19:23:14,837 | INFO | 1 change detected
2026-09-20 19:23:15,240 | INFO | 1 change detected
2026-09-20 19:23:15,645 | INFO | 2 changes detected
2026-09-20 19:23:16,186 | INFO | 1 change detected
2026-09-20 19:23:16,542 | INFO | 1 change detected
2026-09-20 19:23:16,897 | INFO | 1 change detected
2026-09-20 19:23:17,255 | INFO | 1 change detected
2026-09-20 19:23:17,664 | INFO | 1 change detected
2026-09-20 19:23:18,068 | INFO | 1 change detected
2026-09-20 19:23:18,474 | INFO | 1 change detected
2026-09-20 19:23:18,881 | INFO | 1 change detected
2026-09-20 19:23:19,285 | INFO | 1 change detected
2026-09-20 19:23:19,689 | INFO | 1 change detected
2026-09-20 19:23:20,094 | INFO | 1 change detected
2026-09-20 19:23:20,498 | INFO | 1 change detected
2026-09-20 19:23:20,903 | INFO | 1 change detected
2026-09-20 19:23:21,308 | INFO | 1 change detected
2026-09-20 19:23:21,763 | INFO | 1 change detected
2026-09-20 19:23:22,127 | INFO | 1 change detected
2026-09-20 19:23:22,537 | INFO | 1 change detected
2026-09-20 19:23:22,941 | INFO | 1 change detected
2026-09-20 19:23:23,350 | INFO | 1 change detected
2026-09-20 19:23:23,766 | INFO | 1 change detected
2026-09-20 19:23:24,170 | INFO | 1 change detected
2026-09-20 19:23:24,574 | INFO | 1 change detected
2026-09-20 19:23:24,978 | INFO | 1 change detected
2026-09-20 19:23:25,383 | INFO | 1 change detected
2026-09-20 19:23:25,787 | INFO | 1 change detected
2026-09-20 19:23:26,154 | INFO | 1 change detected
2026-09-20 19:23:26,559 | INFO | 1 change detected
2026-09-20 19:23:26,963 | INFO | 1 change detected
2026-09-20 19:23:27,417 | INFO | 1 change detected
2026-09-20 19:23:27,783 | INFO | 1 change detected
2026-09-20 19:23:28,191 | INFO | 1 change detected
2026-09-20 19:23:28,605 | INFO | 1 change detected
2026-09-20 19:23:29,031 | INFO | 1 change detected
2026-09-20 19:23:29,439 | INFO | 1 change detected
2026-09-20 19:23:29,844 | INFO | 1 change detected
2026-09-20 19:23:30,260 | INFO | 1 change detected
2026-09-20 19:23:30,665 | INFO | 1 change detected
2026-09-20 19:23:31,069 | INFO | 1 change detected
2026-09-20 19:23:31,472 | INFO | 1 change detected
2026-09-20 19:23:31,877 | INFO | 1 change detected
2026-09-20 19:23:32,283 | INFO | 1 change detected
2026-09-20 19:23:32,694 | INFO | 1 change detected
2026-09-20 19:23:33,106 | INFO | 1 change detected
2026-09-20 19:23:33,508 | INFO | 1 change detected
2026-09-20 19:23:33,914 | INFO | 1 change detected
2026-09-20 19:23:34,318 | INFO | 1 change detected
2026-09-20 19:23:34,723 | INFO | 1 change detected
2026-09-20 19:23:35,129 | INFO | 1 change detected
2026-09-20 19:23:35,533 | INFO | 1 change detected
2026-09-20 19:23:35,937 | INFO | 1 change detected
2026-09-20 19:23:36,342 | INFO | 1 change detected
2026-09-20 19:23:36,744 | INFO | 1 change detected
2026-09-20 19:23:37,152 | INFO | 1 change detected
2026-09-20 19:23:37,556 | INFO | 1 change detected
2026-09-20 19:23:37,963 | INFO | 1 change detected
2026-09-20 19:23:38,317 | INFO | 1 change detected
2026-09-20 19:23:38,723 | INFO | 1 change detected
2026-09-20 19:23:39,134 | INFO | 1 change detected
2026-09-20 19:23:39,535 | INFO | 1 change detected
2026-09-20 19:23:39,940 | INFO | 1 change detected
2026-09-20 19:23:40,346 | INFO | 1 change detected
2026-09-20 19:23:40,752 | INFO | 1 change detected
2026-09-20 19:23:41,155 | INFO | 1 change detected
2026-09-20 19:23:41,561 | INFO | 1 change detected
2026-09-20 19:23:41,963 | INFO | 1 change detected
2026-09-20 19:23:42,369 | INFO | 1 change detected
2026-09-20 19:23:42,775 | INFO | 1 change detected
2026-09-20 19:23:43,179 | INFO | 1 change detected
2026-09-20 19:23:43,583 | INFO | 1 change detected
2026-09-20 19:23:43,989 | INFO | 1 change detected
2026-09-20 19:23:44,393 | INFO | 1 change detected
2026-09-20 19:23:44,795 | INFO | 1 change detected
2026-09-20 19:23:45,200 | INFO | 1 change detected
2026-09-20 19:23:45,602 | INFO | 1 change detected
2026-09-20 19:23:46,007 | INFO | 1 change detected
2026-09-20 19:23:46,412 | INFO | 1 change detected
2026-09-20 19:23:46,815 | INFO | 1 change detected
2026-09-20 19:23:47,221 | INFO | 1 change detected
2026-09-20 19:23:47,625 | INFO | 1 change detected
2026-09-20 19:23:48,030 | INFO | 1 change detected
2026-09-20 19:23:48,435 | INFO | 1 change detected
2026-09-20 19:23:48,840 | INFO | 1 change detected
2026-09-20 19:23:49,244 | INFO | 1 change detected
2026-09-20 19:23:49,651 | INFO | 1 change detected
2026-09-20 19:23:50,053 | INFO | 1 change detected
2026-09-20 19:23:50,457 | INFO | 1 change detected
2026-09-20 19:23:50,861 | INFO | 1 change detected
2026-09-20 19:23:51,263 | INFO | 1 change detected
2026-09-20 19:23:51,666 | INFO | 1 change detected
2026-09-20 19:23:52,071 | INFO | 1 change detected
2026-09-20 19:23:52,475 | INFO | 1 change detected
2026-09-20 19:23:52,882 | INFO | 1 change detected
2026-09-20 19:23:53,286 | INFO | 1 change detected
2026-09-20 19:23:53,689 | INFO | 1 change detected
2026-09-20 19:23:54,092 | INFO | 1 change detected
2026-09-20 19:23:54,495 | INFO | 1 change detected
2026-09-20 19:23:54,898 | INFO | 1 change detected
2026-09-20 19:23:55,303 | INFO | 1 change detected
2026-09-20 19:23:55,709 | INFO | 1 change detected
2026-09-20 19:23:56,114 | INFO | 1 change detected
2026-09-20 19:23:56,520 | INFO | 1 change detected
2026-09-20 19:23:56,924 | INFO | 1 change detected
2026-09-20 19:23:57,329 | INFO | 1 change detected
2026-09-20 19:23:57,733 | INFO | 1 change detected
2026-09-20 19:23:58,137 | INFO | 1 change detected
2026-09-20 19:23:58,540 | INFO | 1 change detected
2026-09-20 19:23:58,945 | INFO | 1 change detected
2026-09-20 19:23:59,348 | INFO | 1 change detected
2026-09-20 19:23:59,752 | INFO | 1 change detected
2026-09-20 19:24:00,108 | INFO | 1 change detected
2026-09-20 19:24:00,513 | INFO | 1 change detected
2026-09-20 19:24:00,929 | INFO | 1 change detected
2026-09-20 19:24:01,333 | INFO | 1 change detected
2026-09-20 19:24:01,736 | INFO | 1 change detected
2026-09-20 19:24:02,141 | INFO | 1 change detected
2026-09-20 19:24:02,546 | INFO | 1 change detected
2026-09-20 19:24:02,947 | INFO | 1 change detected
2026-09-20 19:24:03,353 | INFO | 1 change detected
2026-09-20 19:24:03,755 | INFO | 1 change detected
2026-09-20 19:24:04,160 | INFO | 1 change detected
2026-09-20 19:24:04,561 | INFO | 1 change detected
2026-09-20 19:24:04,962 | INFO | 1 change detected
2026-09-20 19:24:05,366 | INFO | 1 change detected
2026-09-20 19:24:05,771 | INFO | 1 change detected
2026-09-20 19:24:06,174 | INFO | 1 change detected
2026-09-20 19:24:06,579 | INFO | 1 change detected
2026-09-20 19:24:06,981 | INFO | 1 change detected
2026-09-20 19:24:07,386 | INFO | 1 change detected
2026-09-20 19:24:07,792 | INFO | 1 change detected
2026-09-20 19:24:08,195 | INFO | 1 change detected
2026-09-20 19:24:08,599 | INFO | 1 change detected
2026-09-20 19:24:09,003 | INFO | 1 change detected
2026-09-20 19:24:09,406 | INFO | 1 change detected
2026-09-20 19:24:09,811 | INFO | 1 change detected
2026-09-20 19:24:10,216 | INFO | 1 change detected
2026-09-20 19:24:10,620 | INFO | 1 change detected
2026-09-20 19:24:11,023 | INFO | 1 change detected
2026-09-20 19:24:11,427 | INFO | 1 change detected
2026-09-20 19:24:11,832 | INFO | 1 change detected
2026-09-20 19:24:12,238 | INFO | 1 change detected
2026-09-20 19:24:12,641 | INFO | 1 change detected
2026-09-20 19:24:13,044 | INFO | 1 change detected
2026-09-20 19:24:13,448 | INFO | 1 change detected
2026-09-20 19:24:13,855 | INFO | 1 change detected
2026-09-20 19:24:14,259 | INFO | 1 change detected
2026-09-20 19:24:14,661 | INFO | 1 change detected
2026-09-20 19:24:15,066 | INFO | 1 change detected
2026-09-20 19:24:15,471 | INFO | 1 change detected
2026-09-20 19:24:15,876 | INFO | 1 change detected
2026-09-20 19:24:16,241 | INFO | 1 change detected
2026-09-20 19:24:16,648 | INFO | 1 change detected
2026-09-20 19:24:17,052 | INFO | 1 change detected
2026-09-20 19:24:17,455 | INFO | 1 change detected
2026-09-20 19:24:17,859 | INFO | 1 change detected
2026-09-20 19:24:18,262 | INFO | 1 change detected
2026-09-20 19:24:18,667 | INFO | 1 change detected
2026-09-20 19:24:19,071 | INFO | 1 change detected
2026-09-20 19:24:19,475 | INFO | 1 change detected
2026-09-20 19:24:19,878 | INFO | 1 change detected
2026-09-20 19:24:20,283 | INFO | 1 change detected
2026-09-20 19:24:20,689 | INFO | 1 change detected
2026-09-20 19:24:21,093 | INFO | 1 change detected
2026-09-20 19:24:21,496 | INFO | 1 change detected
2026-09-20 19:24:21,899 | INFO | 1 change detected
2026-09-20 19:24:22,301 | INFO | 1 change detected
2026-09-20 19:24:22,706 | INFO | 1 change detected
2026-09-20 19:24:23,110 | INFO | 1 change detected
2026-09-20 19:24:23,526 | INFO | 1 change detected
2026-09-20 19:24:23,929 | INFO | 1 change detected
2026-09-20 19:24:24,335 | INFO | 1 change detected
2026-09-20 19:24:24,740 | INFO | 1 change detected
2026-09-20 19:24:25,147 | INFO | 1 change detected
2026-09-20 19:24:25,551 | INFO | 1 change detected
2026-09-20 19:24:25,955 | INFO | 1 change detected
2026-09-20 19:24:26,364 | INFO | 1 change detected
2026-09-20 19:24:26,769 | INFO | 1 change detected
2026-09-20 19:24:27,185 | INFO | 1 change detected
2026-09-20 19:24:27,588 | INFO | 1 change detected
2026-09-20 19:24:27,990 | INFO | 1 change detected
2026-09-20 19:24:28,398 | INFO | 1 change detected
2026-09-20 19:24:28,804 | INFO | 1 change detected
2026-09-20 19:24:29,206 | INFO | 1 change detected
2026-09-20 19:24:29,610 | INFO | 1 change detected
2026-09-20 19:24:30,012 | INFO | 1 change detected
2026-09-20 19:24:30,417 | INFO | 1 change detected
2026-09-20 19:24:30,782 | INFO | 1 change detected
2026-09-20 19:24:31,190 | INFO | 1 change detected
2026-09-20 19:24:31,595 | INFO | 1 change detected
2026-09-20 19:24:31,998 | INFO | 1 change detected
2026-09-20 19:24:32,402 | INFO | 1 change detected
2026-09-20 19:24:32,819 | INFO | 1 change detected
2026-09-20 19:24:33,223 | INFO | 1 change detected
2026-09-20 19:24:33,627 | INFO | 1 change detected
2026-09-20 19:24:34,032 | INFO | 1 change detected
2026-09-20 19:24:34,437 | INFO | 1 change detected
2026-09-20 19:24:34,840 | INFO | 1 change detected
2026-09-20 19:24:35,244 | INFO | 1 change detected
2026-09-20 19:24:35,651 | INFO | 1 change detected
2026-09-20 19:24:36,056 | INFO | 1 change detected
2026-09-20 19:24:36,461 | INFO | 1 change detected
2026-09-20 19:24:36,866 | INFO | 1 change detected
2026-09-20 19:24:37,270 | INFO | 1 change detected
2026-09-20 19:24:37,676 | INFO | 1 change detected
2026-09-20 19:24:38,081 | INFO | 1 change detected
2026-09-20 19:24:38,485 | INFO | 1 change detected
2026-09-20 19:24:38,844 | INFO | 1 change detected
2026-09-20 19:24:39,248 | INFO | 1 change detected
2026-09-20 19:24:39,655 | INFO | 1 change detected
2026-09-20 19:24:40,058 | INFO | 1 change detected
2026-09-20 19:24:40,513 | INFO | 1 change detected
2026-09-20 19:24:40,878 | INFO | 1 change detected
2026-09-20 19:24:41,286 | INFO | 1 change detected
2026-09-20 19:24:41,689 | INFO | 1 change detected
2026-09-20 19:24:42,093 | INFO | 1 change detected
2026-09-20 19:24:42,499 | INFO | 1 change detected
2026-09-20 19:24:42,903 | INFO | 1 change detected
2026-09-20 19:24:43,305 | INFO | 1 change detected
2026-09-20 19:24:43,709 | INFO | 1 change detected
2026-09-20 19:24:44,115 | INFO | 1 change detected
2026-09-20 19:24:44,517 | INFO | 1 change detected
2026-09-20 19:24:44,921 | INFO | 1 change detected
2026-09-20 19:24:45,324 | INFO | 1 change detected
2026-09-20 19:24:45,729 | INFO | 1 change detected
2026-09-20 19:24:46,134 | INFO | 1 change detected
2026-09-20 19:24:46,535 | INFO | 1 change detected
2026-09-20 19:24:46,936 | INFO | 1 change detected
2026-09-20 19:24:47,353 | INFO | 1 change detected
2026-09-20 19:24:47,755 | INFO | 1 change detected
2026-09-20 19:24:48,162 | INFO | 1 change detected
2026-09-20 19:24:48,576 | INFO | 1 change detected
2026-09-20 19:24:49,030 | INFO | 1 change detected
2026-09-20 19:24:49,443 | INFO | 1 change detected
2026-09-20 19:24:49,859 | INFO | 1 change detected
2026-09-20 19:24:50,261 | INFO | 1 change detected
2026-09-20 19:24:50,666 | INFO | 1 change detected
2026-09-20 19:24:51,070 | INFO | 1 change detected
2026-09-20 19:24:51,474 | INFO | 1 change detected
2026-09-20 19:24:51,879 | INFO | 1 change detected
2026-09-20 19:24:52,294 | INFO | 1 change detected
2026-09-20 19:24:52,661 | INFO | 1 change detected
2026-09-20 19:24:53,065 | INFO | 1 change detected
2026-09-20 19:24:53,473 | INFO | 1 change detected
2026-09-20 19:24:53,877 | INFO | 1 change detected
2026-09-20 19:24:54,282 | INFO | 1 change detected
2026-09-20 19:24:54,686 | INFO | 1 change detected
2026-09-20 19:24:55,091 | INFO | 1 change detected
2026-09-20 19:24:55,497 | INFO | 1 change detected
2026-09-20 19:24:55,900 | INFO | 1 change detected
2026-09-20 19:24:56,307 | INFO | 1 change detected
2026-09-20 19:24:56,710 | INFO | 1 change detected
2026-09-20 19:24:57,317 | INFO | 1 change detected
2026-09-20 19:24:57,673 | INFO | 1 change detected
2026-09-20 19:24:58,083 | INFO | 1 change detected
2026-09-20 19:24:58,486 | INFO | 1 change detected
2026-09-20 19:24:58,888 | INFO | 1 change detected
2026-09-20 19:24:59,295 | INFO | 1 change detected
2026-09-20 19:24:59,699 | INFO | 1 change detected
2026-09-20 19:25:00,114 | INFO | 1 change detected
2026-09-20 19:25:00,519 | INFO | 1 change detected
2026-09-20 19:25:00,923 | INFO | 1 change detected
2026-09-20 19:25:01,341 | INFO | 1 change detected
2026-09-20 19:25:01,743 | INFO | 1 change detected
2026-09-20 19:25:02,145 | INFO | 1 change detected
2026-09-20 19:25:02,550 | INFO | 1 change detected
2026-09-20 19:25:02,953 | INFO | 1 change detected
2026-09-20 19:25:03,359 | INFO | 1 change detected
2026-09-20 19:25:03,764 | INFO | 1 change detected
2026-09-20 19:25:04,168 | INFO | 1 change detected
2026-09-20 19:25:04,571 | INFO | 1 change detected
2026-09-20 19:25:04,973 | INFO | 1 change detected
2026-09-20 19:25:05,381 | INFO | 1 change detected
2026-09-20 19:25:05,785 | INFO | 1 change detected
2026-09-20 19:25:06,191 | INFO | 1 change detected
2026-09-20 19:25:06,595 | INFO | 1 change detected
2026-09-20 19:25:06,998 | INFO | 1 change detected
2026-09-20 19:25:07,400 | INFO | 1 change detected
2026-09-20 19:25:07,806 | INFO | 1 change detected
2026-09-20 19:25:08,210 | INFO | 1 change detected
2026-09-20 19:25:08,614 | INFO | 1 change detected
2026-09-20 19:25:09,018 | INFO | 1 change detected
2026-09-20 19:25:09,423 | INFO | 1 change detected
2026-09-20 19:25:09,829 | INFO | 1 change detected
2026-09-20 19:25:10,234 | INFO | 1 change detected
2026-09-20 19:25:10,636 | INFO | 1 change detected
2026-09-20 19:25:11,038 | INFO | 1 change detected
2026-09-20 19:25:11,443 | INFO | 1 change detected
2026-09-20 19:25:11,848 | INFO | 1 change detected
2026-09-20 19:25:12,253 | INFO | 1 change detected
2026-09-20 19:25:12,605 | INFO | 1 change detected
2026-09-20 19:25:13,015 | INFO | 1 change detected
2026-09-20 19:25:13,419 | INFO | 1 change detected
2026-09-20 19:25:13,821 | INFO | 1 change detected
2026-09-20 19:25:14,225 | INFO | 1 change detected
2026-09-20 19:25:14,628 | INFO | 1 change detected
2026-09-20 19:25:15,032 | INFO | 1 change detected
2026-09-20 19:25:15,439 | INFO | 1 change detected
2026-09-20 19:25:15,842 | INFO | 1 change detected
2026-09-20 19:25:16,245 | INFO | 1 change detected
2026-09-20 19:25:16,649 | INFO | 1 change detected
2026-09-20 19:25:17,053 | INFO | 1 change detected
2026-09-20 19:25:17,458 | INFO | 1 change detected
2026-09-20 19:25:17,863 | INFO | 1 change detected
2026-09-20 19:25:18,264 | INFO | 1 change detected
2026-09-20 19:25:18,666 | INFO | 1 change detected
2026-09-20 19:25:19,069 | INFO | 1 change detected
2026-09-20 19:25:19,473 | INFO | 1 change detected
2026-09-20 19:25:19,874 | INFO | 1 change detected
2026-09-20 19:25:20,278 | INFO | 1 change detected
2026-09-20 19:25:20,681 | INFO | 1 change detected
2026-09-20 19:25:21,085 | INFO | 1 change detected
2026-09-20 19:25:21,487 | INFO | 1 change detected
2026-09-20 19:25:21,889 | INFO | 1 change detected
2026-09-20 19:25:22,294 | INFO | 1 change detected
2026-09-20 19:25:22,699 | INFO | 1 change detected
2026-09-20 19:25:23,103 | INFO | 1 change detected
2026-09-20 19:25:23,510 | INFO | 1 change detected
2026-09-20 19:25:23,916 | INFO | 1 change detected
2026-09-20 19:25:24,321 | INFO | 1 change detected
2026-09-20 19:25:24,727 | INFO | 1 change detected
2026-09-20 19:25:25,132 | INFO | 1 change detected
2026-09-20 19:25:25,537 | INFO | 1 change detected
2026-09-20 19:25:25,941 | INFO | 1 change detected
2026-09-20 19:25:26,345 | INFO | 1 change detected
2026-09-20 19:25:26,748 | INFO | 1 change detected
2026-09-20 19:25:27,150 | INFO | 1 change detected
2026-09-20 19:25:27,553 | INFO | 1 change detected
2026-09-20 19:25:27,955 | INFO | 1 change detected
2026-09-20 19:25:28,359 | INFO | 1 change detected
2026-09-20 19:25:28,761 | INFO | 1 change detected
2026-09-20 19:25:29,167 | INFO | 1 change detected
2026-09-20 19:25:29,520 | INFO | 1 change detected
2026-09-20 19:25:29,930 | INFO | 1 change detected
2026-09-20 19:25:30,333 | INFO | 1 change detected
2026-09-20 19:25:30,739 | INFO | 1 change detected
2026-09-20 19:25:31,143 | INFO | 1 change detected
2026-09-20 19:25:31,546 | INFO | 1 change detected
2026-09-20 19:25:31,950 | INFO | 1 change detected
2026-09-20 19:25:32,353 | INFO | 1 change detected
2026-09-20 19:25:32,759 | INFO | 1 change detected
2026-09-20 19:25:33,162 | INFO | 1 change detected
2026-09-20 19:25:33,579 | INFO | 1 change detected
2026-09-20 19:25:33,981 | INFO | 1 change detected
2026-09-20 19:25:34,386 | INFO | 1 change detected
2026-09-20 19:25:34,791 | INFO | 1 change detected
2026-09-20 19:25:35,195 | INFO | 1 change detected
2026-09-20 19:25:35,610 | INFO | 1 change detected
2026-09-20 19:25:36,015 | INFO | 1 change detected
2026-09-20 19:25:36,419 | INFO | 1 change detected
2026-09-20 19:25:36,825 | INFO | 1 change detected
2026-09-20 19:25:37,241 | INFO | 1 change detected
2026-09-20 19:25:37,644 | INFO | 1 change detected
2026-09-20 19:25:38,050 | INFO | 1 change detected
2026-09-20 19:25:38,458 | INFO | 1 change detected
2026-09-20 19:25:38,862 | INFO | 1 change detected
2026-09-20 19:25:39,263 | INFO | 1 change detected
2026-09-20 19:25:39,668 | INFO | 1 change detected
2026-09-20 19:25:40,069 | INFO | 1 change detected
2026-09-20 19:25:40,471 | INFO | 1 change detected
2026-09-20 19:25:40,875 | INFO | 1 change detected
2026-09-20 19:25:41,280 | INFO | 1 change detected
2026-09-20 19:25:41,683 | INFO | 1 change detected
2026-09-20 19:25:42,087 | INFO | 1 change detected
2026-09-20 19:25:42,490 | INFO | 1 change detected
2026-09-20 19:25:42,896 | INFO | 1 change detected
2026-09-20 19:25:43,299 | INFO | 1 change detected
2026-09-20 19:25:43,702 | INFO | 1 change detected
2026-09-20 19:25:44,107 | INFO | 1 change detected
2026-09-20 19:25:44,509 | INFO | 1 change detected
2026-09-20 19:25:44,914 | INFO | 1 change detected
2026-09-20 19:25:45,317 | INFO | 1 change detected
2026-09-20 19:25:45,720 | INFO | 1 change detected
2026-09-20 19:25:46,123 | INFO | 1 change detected
2026-09-20 19:25:46,529 | INFO | 1 change detected
2026-09-20 19:25:46,931 | INFO | 1 change detected
2026-09-20 19:25:47,333 | INFO | 1 change detected
2026-09-20 19:25:47,737 | INFO | 1 change detected
2026-09-20 19:25:48,093 | INFO | 1 change detected
2026-09-20 19:25:48,501 | INFO | 1 change detected
2026-09-20 19:25:48,908 | INFO | 1 change detected
2026-09-20 19:25:49,312 | INFO | 1 change detected
2026-09-20 19:25:49,728 | INFO | 1 change detected
2026-09-20 19:25:50,133 | INFO | 1 change detected
2026-09-20 19:25:50,551 | INFO | 1 change detected
2026-09-20 19:25:50,953 | INFO | 1 change detected
2026-09-20 19:25:51,356 | INFO | 1 change detected
2026-09-20 19:25:51,761 | INFO | 1 change detected
2026-09-20 19:25:52,165 | INFO | 1 change detected
2026-09-20 19:25:52,570 | INFO | 1 change detected
2026-09-20 19:25:52,973 | INFO | 1 change detected
2026-09-20 19:25:53,377 | INFO | 1 change detected
2026-09-20 19:25:53,780 | INFO | 1 change detected
2026-09-20 19:25:54,186 | INFO | 1 change detected
2026-09-20 19:25:54,588 | INFO | 1 change detected
2026-09-20 19:25:54,992 | INFO | 1 change detected
2026-09-20 19:25:55,394 | INFO | 1 change detected
2026-09-20 19:25:55,751 | INFO | 1 change detected
2026-09-20 19:25:56,161 | INFO | 1 change detected
2026-09-20 19:25:56,566 | INFO | 1 change detected
2026-09-20 19:25:56,971 | INFO | 1 change detected
2026-09-20 19:25:57,376 | INFO | 1 change detected
2026-09-20 19:25:57,781 | INFO | 1 change detected
2026-09-20 19:25:58,184 | INFO | 1 change detected
2026-09-20 19:25:58,587 | INFO | 1 change detected
2026-09-20 19:25:58,988 | INFO | 1 change detected
2026-09-20 19:25:59,392 | INFO | 1 change detected
2026-09-20 19:25:59,798 | INFO | 1 change detected
2026-09-20 19:26:00,203 | INFO | 1 change detected
2026-09-20 19:26:00,606 | INFO | 1 change detected
2026-09-20 19:26:01,011 | INFO | 1 change detected
2026-09-20 19:26:01,412 | INFO | 1 change detected
2026-09-20 19:26:01,768 | INFO | 1 change detected
2026-09-20 19:26:02,176 | INFO | 1 change detected
2026-09-20 19:26:02,582 | INFO | 1 change detected
2026-09-20 19:26:02,989 | INFO | 1 change detected
2026-09-20 19:26:03,392 | INFO | 1 change detected
2026-09-20 19:26:03,794 | INFO | 1 change detected
2026-09-20 19:26:04,198 | INFO | 1 change detected
2026-09-20 19:26:04,605 | INFO | 1 change detected
2026-09-20 19:26:05,021 | INFO | 1 change detected
2026-09-20 19:26:05,423 | INFO | 1 change detected
2026-09-20 19:26:05,824 | INFO | 1 change detected
2026-09-20 19:26:06,230 | INFO | 1 change detected
2026-09-20 19:26:06,634 | INFO | 1 change detected
2026-09-20 19:26:07,037 | INFO | 1 change detected
2026-09-20 19:26:07,441 | INFO | 1 change detected
2026-09-20 19:26:07,843 | INFO | 1 change detected
2026-09-20 19:26:08,246 | INFO | 1 change detected
2026-09-20 19:26:08,651 | INFO | 1 change detected
2026-09-20 19:26:09,057 | INFO | 1 change detected
2026-09-20 19:26:09,464 | INFO | 1 change detected
2026-09-20 19:26:09,815 | INFO | 1 change detected
2026-09-20 19:26:10,222 | INFO | 1 change detected
2026-09-20 19:26:10,626 | INFO | 1 change detected
2026-09-20 19:26:11,030 | INFO | 1 change detected
2026-09-20 19:26:11,432 | INFO | 1 change detected
2026-09-20 19:26:11,835 | INFO | 1 change detected
2026-09-20 19:26:12,237 | INFO | 1 change detected
2026-09-20 19:26:12,640 | INFO | 1 change detected
2026-09-20 19:26:13,044 | INFO | 1 change detected
2026-09-20 19:26:13,446 | INFO | 1 change detected
2026-09-20 19:26:13,850 | INFO | 1 change detected
2026-09-20 19:26:14,314 | INFO | 1 change detected
2026-09-20 19:26:14,728 | INFO | 1 change detected
2026-09-20 19:26:15,132 | INFO | 1 change detected
2026-09-20 19:26:15,536 | INFO | 1 change detected
2026-09-20 19:26:15,941 | INFO | 1 change detected
2026-09-20 19:26:16,345 | INFO | 1 change detected
2026-09-20 19:26:16,748 | INFO | 1 change detected
2026-09-20 19:26:17,152 | INFO | 1 change detected
2026-09-20 19:26:17,555 | INFO | 1 change detected
2026-09-20 19:26:17,957 | INFO | 1 change detected
2026-09-20 19:26:18,360 | INFO | 1 change detected
2026-09-20 19:26:18,725 | INFO | 1 change detected
2026-09-20 19:26:19,134 | INFO | 1 change detected
2026-09-20 19:26:19,551 | INFO | 1 change detected
2026-09-20 19:26:19,952 | INFO | 1 change detected
2026-09-20 19:26:20,368 | INFO | 1 change detected
2026-09-20 19:26:20,773 | INFO | 1 change detected
2026-09-20 19:26:21,179 | INFO | 1 change detected
2026-09-20 19:26:21,581 | INFO | 1 change detected
2026-09-20 19:26:21,984 | INFO | 1 change detected
2026-09-20 19:26:22,390 | INFO | 1 change detected
2026-09-20 19:26:22,795 | INFO | 1 change detected
2026-09-20 19:26:23,199 | INFO | 1 change detected
2026-09-20 19:26:23,602 | INFO | 1 change detected
2026-09-20 19:26:24,005 | INFO | 1 change detected
2026-09-20 19:26:24,371 | INFO | 1 change detected
2026-09-20 19:26:24,775 | INFO | 1 change detected
2026-09-20 19:26:25,192 | INFO | 1 change detected
2026-09-20 19:26:25,595 | INFO | 1 change detected
2026-09-20 19:26:25,997 | INFO | 1 change detected
2026-09-20 19:26:26,413 | INFO | 1 change detected
2026-09-20 19:26:26,818 | INFO | 1 change detected
2026-09-20 19:26:27,222 | INFO | 1 change detected
2026-09-20 19:26:27,627 | INFO | 1 change detected
2026-09-20 19:26:28,030 | INFO | 1 change detected
2026-09-20 19:26:28,433 | INFO | 1 change detected
2026-09-20 19:26:28,798 | INFO | 1 change detected
2026-09-20 19:26:29,204 | INFO | 1 change detected
2026-09-20 19:26:29,606 | INFO | 1 change detected
2026-09-20 19:26:30,021 | INFO | 1 change detected
2026-09-20 19:26:30,423 | INFO | 1 change detected
2026-09-20 19:26:30,825 | INFO | 1 change detected
2026-09-20 19:26:31,228 | INFO | 1 change detected
2026-09-20 19:26:31,629 | INFO | 1 change detected
2026-09-20 19:26:32,033 | INFO | 1 change detected
2026-09-20 19:26:32,437 | INFO | 1 change detected
2026-09-20 19:26:32,841 | INFO | 1 change detected
2026-09-20 19:26:33,198 | INFO | 1 change detected
2026-09-20 19:26:33,606 | INFO | 1 change detected
2026-09-20 19:26:34,011 | INFO | 1 change detected
2026-09-20 19:26:34,416 | INFO | 1 change detected
2026-09-20 19:26:34,818 | INFO | 1 change detected
2026-09-20 19:26:35,224 | INFO | 1 change detected
2026-09-20 19:26:35,627 | INFO | 1 change detected
2026-09-20 19:26:36,034 | INFO | 1 change detected
2026-09-20 19:26:36,440 | INFO | 1 change detected
2026-09-20 19:26:36,843 | INFO | 1 change detected
2026-09-20 19:26:37,246 | INFO | 1 change detected
2026-09-20 19:26:37,662 | INFO | 1 change detected
2026-09-20 19:26:38,066 | INFO | 1 change detected
2026-09-20 19:26:38,470 | INFO | 1 change detected
2026-09-20 19:26:38,874 | INFO | 1 change detected
2026-09-20 19:26:39,277 | INFO | 1 change detected
2026-09-20 19:26:39,678 | INFO | 1 change detected
2026-09-20 19:26:40,081 | INFO | 1 change detected
2026-09-20 19:26:40,535 | INFO | 1 change detected
2026-09-20 19:26:40,898 | INFO | 1 change detected
2026-09-20 19:26:41,359 | INFO | 1 change detected
2026-09-20 19:26:41,718 | INFO | 1 change detected
2026-09-20 19:26:42,126 | INFO | 1 change detected
2026-09-20 19:26:42,542 | INFO | 1 change detected
2026-09-20 19:26:42,945 | INFO | 1 change detected
2026-09-20 19:26:43,349 | INFO | 1 change detected
2026-09-20 19:26:43,751 | INFO | 1 change detected
2026-09-20 19:26:44,157 | INFO | 1 change detected
2026-09-20 19:26:44,559 | INFO | 1 change detected
2026-09-20 19:26:44,962 | INFO | 1 change detected
2026-09-20 19:26:45,366 | INFO | 1 change detected
2026-09-20 19:26:45,769 | INFO | 1 change detected
2026-09-20 19:26:46,173 | INFO | 1 change detected
2026-09-20 19:26:46,577 | INFO | 1 change detected
2026-09-20 19:26:46,980 | INFO | 1 change detected
2026-09-20 19:26:47,382 | INFO | 1 change detected
2026-09-20 19:26:47,786 | INFO | 1 change detected
2026-09-20 19:26:48,191 | INFO | 1 change detected
2026-09-20 19:26:48,595 | INFO | 1 change detected
2026-09-20 19:26:49,001 | INFO | 1 change detected
2026-09-20 19:26:49,404 | INFO | 1 change detected
2026-09-20 19:26:49,809 | INFO | 1 change detected
2026-09-20 19:26:50,211 | INFO | 1 change detected
2026-09-20 19:26:50,615 | INFO | 1 change detected
2026-09-20 19:26:51,021 | INFO | 1 change detected
2026-09-20 19:26:51,422 | INFO | 1 change detected
2026-09-20 19:26:51,828 | INFO | 1 change detected
2026-09-20 19:26:52,234 | INFO | 1 change detected
2026-09-20 19:26:52,636 | INFO | 1 change detected
2026-09-20 19:26:53,042 | INFO | 1 change detected
2026-09-20 19:26:53,458 | INFO | 1 change detected
2026-09-20 19:26:53,863 | INFO | 1 change detected
2026-09-20 19:26:54,268 | INFO | 1 change detected
2026-09-20 19:26:54,672 | INFO | 1 change detected
2026-09-20 19:26:55,078 | INFO | 1 change detected
2026-09-20 19:26:55,482 | INFO | 1 change detected
2026-09-20 19:26:55,890 | INFO | 1 change detected
2026-09-20 19:26:56,255 | INFO | 1 change detected
2026-09-20 19:26:56,664 | INFO | 1 change detected
2026-09-20 19:26:57,070 | INFO | 1 change detected
2026-09-20 19:26:57,485 | INFO | 1 change detected
2026-09-20 19:26:57,890 | INFO | 1 change detected
2026-09-20 19:26:58,295 | INFO | 1 change detected
2026-09-20 19:26:58,699 | INFO | 1 change detected
2026-09-20 19:26:59,102 | INFO | 1 change detected
2026-09-20 19:26:59,505 | INFO | 1 change detected
2026-09-20 19:26:59,912 | INFO | 1 change detected
2026-09-20 19:27:00,316 | INFO | 1 change detected
2026-09-20 19:27:00,719 | INFO | 1 change detected
2026-09-20 19:27:01,126 | INFO | 1 change detected
2026-09-20 19:27:01,528 | INFO | 1 change detected
2026-09-20 19:27:01,930 | INFO | 1 change detected
2026-09-20 19:27:02,334 | INFO | 1 change detected
2026-09-20 19:27:02,740 | INFO | 1 change detected
2026-09-20 19:27:03,143 | INFO | 1 change detected
2026-09-20 19:27:03,548 | INFO | 1 change detected
2026-09-20 19:27:03,951 | INFO | 1 change detected
2026-09-20 19:27:04,358 | INFO | 1 change detected
2026-09-20 19:27:04,760 | INFO | 1 change detected
2026-09-20 19:27:05,162 | INFO | 1 change detected
2026-09-20 19:27:05,564 | INFO | 1 change detected
2026-09-20 19:27:05,970 | INFO | 1 change detected
2026-09-20 19:27:06,385 | INFO | 1 change detected
2026-09-20 19:27:06,789 | INFO | 1 change detected
2026-09-20 19:27:07,193 | INFO | 1 change detected
2026-09-20 19:27:07,596 | INFO | 1 change detected
2026-09-20 19:27:08,004 | INFO | 1 change detected
2026-09-20 19:27:08,420 | INFO | 1 change detected
2026-09-20 19:27:08,825 | INFO | 1 change detected
2026-09-20 19:27:09,228 | INFO | 1 change detected
2026-09-20 19:27:09,634 | INFO | 1 change detected
2026-09-20 19:27:10,037 | INFO | 1 change detected
2026-09-20 19:27:10,443 | INFO | 1 change detected
2026-09-20 19:27:10,847 | INFO | 1 change detected
2026-09-20 19:27:11,249 | INFO | 1 change detected
2026-09-20 19:27:11,656 | INFO | 1 change detected
2026-09-20 19:27:12,059 | INFO | 1 change detected
2026-09-20 19:27:12,462 | INFO | 1 change detected
2026-09-20 19:27:12,867 | INFO | 1 change detected
2026-09-20 19:27:13,270 | INFO | 1 change detected
2026-09-20 19:27:13,676 | INFO | 1 change detected
2026-09-20 19:27:14,079 | INFO | 1 change detected
2026-09-20 19:27:14,483 | INFO | 1 change detected
2026-09-20 19:27:14,886 | INFO | 1 change detected
2026-09-20 19:27:15,291 | INFO | 1 change detected
2026-09-20 19:27:15,696 | INFO | 1 change detected
2026-09-20 19:27:16,101 | INFO | 1 change detected
2026-09-20 19:27:16,505 | INFO | 1 change detected
2026-09-20 19:27:16,908 | INFO | 1 change detected
2026-09-20 19:27:17,324 | INFO | 1 change detected
2026-09-20 19:27:17,727 | INFO | 1 change detected
2026-09-20 19:27:18,130 | INFO | 1 change detected
2026-09-20 19:27:18,535 | INFO | 1 change detected
2026-09-20 19:27:18,939 | INFO | 1 change detected
2026-09-20 19:27:19,346 | INFO | 1 change detected
2026-09-20 19:27:19,711 | INFO | 1 change detected
2026-09-20 19:27:20,120 | INFO | 1 change detected
2026-09-20 19:27:20,524 | INFO | 1 change detected
2026-09-20 19:27:20,928 | INFO | 1 change detected
2026-09-20 19:27:21,331 | INFO | 1 change detected
2026-09-20 19:27:21,736 | INFO | 1 change detected
2026-09-20 19:27:22,138 | INFO | 1 change detected
2026-09-20 19:27:22,554 | INFO | 1 change detected
2026-09-20 19:27:22,959 | INFO | 1 change detected
2026-09-20 19:27:23,364 | INFO | 1 change detected
2026-09-20 19:27:23,766 | INFO | 1 change detected
2026-09-20 19:27:24,168 | INFO | 1 change detected
2026-09-20 19:27:24,574 | INFO | 1 change detected
2026-09-20 19:27:24,978 | INFO | 1 change detected
2026-09-20 19:27:25,380 | INFO | 1 change detected
2026-09-20 19:27:25,787 | INFO | 1 change detected
2026-09-20 19:27:26,191 | INFO | 1 change detected
2026-09-20 19:27:26,594 | INFO | 1 change detected
2026-09-20 19:27:27,002 | INFO | 1 change detected
2026-09-20 19:27:27,405 | INFO | 1 change detected
2026-09-20 19:27:27,810 | INFO | 1 change detected
2026-09-20 19:27:28,214 | INFO | 1 change detected
2026-09-20 19:27:28,619 | INFO | 1 change detected
2026-09-20 19:27:29,022 | INFO | 1 change detected
2026-09-20 19:27:29,427 | INFO | 1 change detected
2026-09-20 19:27:29,832 | INFO | 1 change detected
2026-09-20 19:27:30,198 | INFO | 1 change detected
2026-09-20 19:27:30,606 | INFO | 1 change detected
2026-09-20 19:27:31,011 | INFO | 1 change detected
2026-09-20 19:27:31,414 | INFO | 1 change detected
2026-09-20 19:27:31,820 | INFO | 1 change detected
2026-09-20 19:27:32,223 | INFO | 1 change detected
2026-09-20 19:27:32,640 | INFO | 1 change detected
2026-09-20 19:27:33,047 | INFO | 1 change detected
2026-09-20 19:27:33,449 | INFO | 1 change detected
2026-09-20 19:27:33,854 | INFO | 1 change detected
2026-09-20 19:27:34,220 | INFO | 1 change detected
2026-09-20 19:27:34,628 | INFO | 1 change detected
2026-09-20 19:27:35,033 | INFO | 1 change detected
2026-09-20 19:27:35,439 | INFO | 1 change detected
2026-09-20 19:27:35,841 | INFO | 1 change detected
2026-09-20 19:27:36,243 | INFO | 1 change detected
2026-09-20 19:27:36,646 | INFO | 1 change detected
2026-09-20 19:27:37,048 | INFO | 1 change detected
2026-09-20 19:27:37,451 | INFO | 1 change detected
2026-09-20 19:27:37,854 | INFO | 1 change detected
2026-09-20 19:27:38,259 | INFO | 1 change detected
2026-09-20 19:27:38,665 | INFO | 1 change detected
2026-09-20 19:27:39,070 | INFO | 1 change detected
2026-09-20 19:27:39,472 | INFO | 1 change detected
2026-09-20 19:27:39,880 | INFO | 1 change detected
2026-09-20 19:27:40,284 | INFO | 1 change detected
2026-09-20 19:27:40,687 | INFO | 1 change detected
2026-09-20 19:27:41,093 | INFO | 1 change detected
2026-09-20 19:27:41,497 | INFO | 1 change detected
2026-09-20 19:27:41,901 | INFO | 1 change detected
2026-09-20 19:27:42,304 | INFO | 1 change detected
2026-09-20 19:27:42,710 | INFO | 1 change detected
2026-09-20 19:27:43,067 | INFO | 1 change detected
2026-09-20 19:27:43,478 | INFO | 1 change detected
2026-09-20 19:27:43,884 | INFO | 1 change detected
2026-09-20 19:27:44,287 | INFO | 1 change detected
2026-09-20 19:27:44,693 | INFO | 1 change detected
2026-09-20 19:27:45,095 | INFO | 1 change detected
2026-09-20 19:27:45,499 | INFO | 1 change detected
2026-09-20 19:27:45,902 | INFO | 1 change detected
2026-09-20 19:27:46,309 | INFO | 1 change detected
2026-09-20 19:27:46,716 | INFO | 1 change detected
2026-09-20 19:27:47,120 | INFO | 1 change detected
2026-09-20 19:27:47,526 | INFO | 1 change detected
2026-09-20 19:27:47,931 | INFO | 1 change detected
2026-09-20 19:27:48,332 | INFO | 1 change detected
2026-09-20 19:27:48,737 | INFO | 1 change detected
2026-09-20 19:27:49,141 | INFO | 1 change detected
2026-09-20 19:27:49,507 | INFO | 1 change detected
2026-09-20 19:27:49,915 | INFO | 1 change detected
2026-09-20 19:27:50,321 | INFO | 1 change detected
2026-09-20 19:27:50,737 | INFO | 1 change detected
2026-09-20 19:27:51,140 | INFO | 1 change detected
2026-09-20 19:27:51,545 | INFO | 1 change detected
2026-09-20 19:27:51,950 | INFO | 1 change detected
2026-09-20 19:27:52,366 | INFO | 1 change detected
2026-09-20 19:27:52,731 | INFO | 1 change detected
2026-09-20 19:27:53,138 | INFO | 1 change detected
2026-09-20 19:27:53,542 | INFO | 1 change detected
2026-09-20 19:27:53,946 | INFO | 1 change detected
2026-09-20 19:27:54,350 | INFO | 1 change detected
2026-09-20 19:27:54,757 | INFO | 1 change detected
2026-09-20 19:27:55,161 | INFO | 1 change detected
2026-09-20 19:27:55,564 | INFO | 1 change detected
2026-09-20 19:27:55,970 | INFO | 1 change detected
2026-09-20 19:27:56,373 | INFO | 1 change detected
2026-09-20 19:27:56,776 | INFO | 1 change detected
2026-09-20 19:27:57,179 | INFO | 1 change detected
2026-09-20 19:27:57,582 | INFO | 1 change detected
2026-09-20 19:27:57,989 | INFO | 1 change detected
2026-09-20 19:27:58,393 | INFO | 1 change detected
2026-09-20 19:27:58,797 | INFO | 1 change detected
2026-09-20 19:27:59,201 | INFO | 1 change detected
2026-09-20 19:27:59,603 | INFO | 1 change detected
2026-09-20 19:28:00,005 | INFO | 1 change detected
2026-09-20 19:28:00,412 | INFO | 1 change detected
2026-09-20 19:28:00,776 | INFO | 1 change detected
2026-09-20 19:28:01,184 | INFO | 1 change detected
2026-09-20 19:28:01,590 | INFO | 1 change detected
2026-09-20 19:28:01,993 | INFO | 1 change detected
2026-09-20 19:28:02,395 | INFO | 1 change detected
2026-09-20 19:28:02,796 | INFO | 1 change detected
2026-09-20 19:28:03,204 | INFO | 1 change detected
2026-09-20 19:28:03,607 | INFO | 1 change detected
2026-09-20 19:28:04,011 | INFO | 1 change detected
2026-09-20 19:28:04,414 | INFO | 1 change detected
2026-09-20 19:28:04,818 | INFO | 1 change detected
2026-09-20 19:28:05,223 | INFO | 1 change detected
2026-09-20 19:28:05,639 | INFO | 1 change detected
2026-09-20 19:28:06,043 | INFO | 1 change detected
2026-09-20 19:28:06,409 | INFO | 1 change detected
2026-09-20 19:28:06,814 | INFO | 1 change detected
2026-09-20 19:28:07,216 | INFO | 1 change detected
2026-09-20 19:28:07,618 | INFO | 1 change detected
2026-09-20 19:28:08,022 | INFO | 1 change detected
2026-09-20 19:28:08,426 | INFO | 1 change detected
2026-09-20 19:28:08,842 | INFO | 1 change detected
2026-09-20 19:28:09,247 | INFO | 1 change detected
2026-09-20 19:28:09,651 | INFO | 1 change detected
2026-09-20 19:28:10,052 | INFO | 1 change detected
2026-09-20 19:28:10,454 | INFO | 1 change detected
2026-09-20 19:28:10,856 | INFO | 1 change detected
2026-09-20 19:28:11,260 | INFO | 1 change detected
2026-09-20 19:28:11,665 | INFO | 1 change detected
2026-09-20 19:28:12,070 | INFO | 1 change detected
2026-09-20 19:28:12,473 | INFO | 1 change detected
2026-09-20 19:28:12,878 | INFO | 1 change detected
2026-09-20 19:28:13,282 | INFO | 1 change detected
2026-09-20 19:28:13,635 | INFO | 1 change detected
2026-09-20 19:28:14,043 | INFO | 1 change detected
2026-09-20 19:28:14,445 | INFO | 1 change detected
2026-09-20 19:28:14,847 | INFO | 1 change detected
2026-09-20 19:28:15,250 | INFO | 1 change detected
2026-09-20 19:28:15,654 | INFO | 1 change detected
2026-09-20 19:28:16,058 | INFO | 1 change detected
2026-09-20 19:28:16,466 | INFO | 1 change detected
2026-09-20 19:28:16,880 | INFO | 1 change detected
2026-09-20 19:28:17,283 | INFO | 1 change detected
2026-09-20 19:28:17,688 | INFO | 1 change detected
2026-09-20 19:28:18,091 | INFO | 1 change detected
2026-09-20 19:28:18,495 | INFO | 1 change detected
2026-09-20 19:28:18,899 | INFO | 1 change detected
2026-09-20 19:28:19,302 | INFO | 1 change detected
2026-09-20 19:28:19,760 | INFO | 1 change detected
2026-09-20 19:28:20,162 | INFO | 1 change detected
2026-09-20 19:28:20,564 | INFO | 1 change detected
2026-09-20 19:28:20,980 | INFO | 1 change detected
2026-09-20 19:28:21,383 | INFO | 1 change detected
2026-09-20 19:28:21,786 | INFO | 1 change detected
2026-09-20 19:28:22,188 | INFO | 1 change detected
2026-09-20 19:28:22,554 | INFO | 1 change detected
2026-09-20 19:28:22,963 | INFO | 1 change detected
2026-09-20 19:28:23,367 | INFO | 1 change detected
2026-09-20 19:28:23,770 | INFO | 1 change detected
2026-09-20 19:28:24,171 | INFO | 1 change detected
2026-09-20 19:28:24,576 | INFO | 1 change detected
2026-09-20 19:28:24,978 | INFO | 1 change detected
2026-09-20 19:28:25,382 | INFO | 1 change detected
2026-09-20 19:28:25,786 | INFO | 1 change detected
2026-09-20 19:28:26,191 | INFO | 1 change detected
2026-09-20 19:28:26,592 | INFO | 1 change detected
2026-09-20 19:28:27,008 | INFO | 1 change detected
2026-09-20 19:28:27,412 | INFO | 1 change detected
2026-09-20 19:28:27,815 | INFO | 1 change detected
2026-09-20 19:28:28,220 | INFO | 1 change detected
2026-09-20 19:28:28,625 | INFO | 1 change detected
2026-09-20 19:28:29,028 | INFO | 1 change detected
2026-09-20 19:28:29,433 | INFO | 1 change detected
2026-09-20 19:28:29,838 | INFO | 1 change detected
2026-09-20 19:28:30,241 | INFO | 1 change detected
2026-09-20 19:28:30,644 | INFO | 1 change detected
2026-09-20 19:28:31,046 | INFO | 1 change detected
2026-09-20 19:28:31,448 | INFO | 1 change detected
2026-09-20 19:28:31,850 | INFO | 1 change detected
2026-09-20 19:28:32,255 | INFO | 1 change detected
2026-09-20 19:28:32,659 | INFO | 1 change detected
2026-09-20 19:28:33,064 | INFO | 1 change detected
2026-09-20 19:28:33,430 | INFO | 1 change detected
2026-09-20 19:28:33,837 | INFO | 1 change detected
2026-09-20 19:28:34,242 | INFO | 1 change detected
2026-09-20 19:28:34,650 | INFO | 1 change detected
2026-09-20 19:28:35,055 | INFO | 1 change detected
2026-09-20 19:28:35,458 | INFO | 1 change detected
2026-09-20 19:28:35,863 | INFO | 1 change detected
2026-09-20 19:28:36,268 | INFO | 1 change detected
2026-09-20 19:28:36,669 | INFO | 1 change detected
2026-09-20 19:28:37,074 | INFO | 1 change detected
2026-09-20 19:28:37,476 | INFO | 1 change detected
2026-09-20 19:28:37,878 | INFO | 1 change detected
2026-09-20 19:28:38,293 | INFO | 1 change detected
2026-09-20 19:28:38,658 | INFO | 1 change detected
2026-09-20 19:28:39,067 | INFO | 1 change detected
2026-09-20 19:28:39,483 | INFO | 1 change detected
2026-09-20 19:28:39,885 | INFO | 1 change detected
2026-09-20 19:28:40,290 | INFO | 1 change detected
2026-09-20 19:28:40,706 | INFO | 1 change detected
2026-09-20 19:28:41,110 | INFO | 1 change detected
2026-09-20 19:28:41,477 | INFO | 1 change detected
2026-09-20 19:28:41,878 | INFO | 1 change detected
2026-09-20 19:28:42,282 | INFO | 1 change detected
2026-09-20 19:28:42,685 | INFO | 1 change detected
2026-09-20 19:28:43,102 | INFO | 1 change detected
2026-09-20 19:28:43,506 | INFO | 1 change detected
2026-09-20 19:28:43,923 | INFO | 1 change detected
2026-09-20 19:28:44,326 | INFO | 1 change detected
2026-09-20 19:28:44,729 | INFO | 1 change detected
2026-09-20 19:28:45,133 | INFO | 1 change detected
2026-09-20 19:28:45,536 | INFO | 1 change detected
2026-09-20 19:28:45,938 | INFO | 1 change detected
2026-09-20 19:28:46,341 | INFO | 1 change detected
2026-09-20 19:28:46,744 | INFO | 1 change detected
2026-09-20 19:28:47,146 | INFO | 1 change detected
2026-09-20 19:28:47,551 | INFO | 1 change detected
2026-09-20 19:28:47,957 | INFO | 1 change detected
2026-09-20 19:28:48,360 | INFO | 1 change detected
2026-09-20 19:28:48,764 | INFO | 1 change detected
2026-09-20 19:28:49,168 | INFO | 1 change detected
2026-09-20 19:28:49,573 | INFO | 1 change detected
2026-09-20 19:28:49,974 | INFO | 1 change detected
2026-09-20 19:28:50,378 | INFO | 1 change detected
2026-09-20 19:28:50,780 | INFO | 1 change detected
2026-09-20 19:28:51,135 | INFO | 1 change detected
2026-09-20 19:28:51,541 | INFO | 1 change detected
2026-09-20 19:28:51,943 | INFO | 1 change detected
2026-09-20 19:28:52,347 | INFO | 1 change detected
2026-09-20 19:28:52,764 | INFO | 1 change detected
2026-09-20 19:28:53,166 | INFO | 1 change detected
2026-09-20 19:28:53,568 | INFO | 1 change detected
2026-09-20 19:28:53,971 | INFO | 1 change detected
2026-09-20 19:28:54,377 | INFO | 1 change detected
2026-09-20 19:28:54,793 | INFO | 1 change detected
2026-09-20 19:28:55,158 | INFO | 1 change detected
2026-09-20 19:28:55,563 | INFO | 1 change detected
2026-09-20 19:28:55,970 | INFO | 1 change detected
2026-09-20 19:28:56,375 | INFO | 1 change detected
2026-09-20 19:28:56,780 | INFO | 1 change detected
2026-09-20 19:28:57,184 | INFO | 1 change detected
2026-09-20 19:28:57,588 | INFO | 1 change detected
2026-09-20 19:28:57,990 | INFO | 1 change detected
2026-09-20 19:28:58,394 | INFO | 1 change detected
2026-09-20 19:28:58,798 | INFO | 1 change detected
2026-09-20 19:28:59,214 | INFO | 1 change detected
2026-09-20 19:28:59,616 | INFO | 1 change detected
2026-09-20 19:29:00,021 | INFO | 1 change detected
2026-09-20 19:29:00,422 | INFO | 1 change detected
2026-09-20 19:29:00,826 | INFO | 1 change detected
2026-09-20 19:29:01,231 | INFO | 1 change detected
2026-09-20 19:29:01,634 | INFO | 1 change detected
2026-09-20 19:29:02,036 | INFO | 1 change detected
2026-09-20 19:29:02,438 | INFO | 1 change detected
2026-09-20 19:29:02,844 | INFO | 1 change detected
2026-09-20 19:29:03,250 | INFO | 1 change detected
2026-09-20 19:29:03,656 | INFO | 1 change detected
2026-09-20 19:29:04,059 | INFO | 1 change detected
2026-09-20 19:29:04,462 | INFO | 1 change detected
2026-09-20 19:29:04,868 | INFO | 1 change detected
2026-09-20 19:29:05,274 | INFO | 1 change detected
2026-09-20 19:29:05,677 | INFO | 1 change detected
2026-09-20 19:29:06,084 | INFO | 1 change detected
2026-09-20 19:29:06,487 | INFO | 1 change detected
2026-09-20 19:29:06,892 | INFO | 1 change detected
2026-09-20 19:29:07,295 | INFO | 1 change detected
2026-09-20 19:29:07,700 | INFO | 1 change detected
2026-09-20 19:29:08,101 | INFO | 1 change detected
2026-09-20 19:29:08,504 | INFO | 1 change detected
2026-09-20 19:29:08,907 | INFO | 1 change detected
2026-09-20 19:29:09,310 | INFO | 1 change detected
2026-09-20 19:29:09,676 | INFO | 1 change detected
2026-09-20 19:29:10,085 | INFO | 1 change detected
2026-09-20 19:29:10,487 | INFO | 1 change detected
2026-09-20 19:29:10,902 | INFO | 1 change detected
2026-09-20 19:29:11,305 | INFO | 1 change detected
2026-09-20 19:29:11,709 | INFO | 1 change detected
2026-09-20 19:29:12,112 | INFO | 1 change detected
2026-09-20 19:29:12,467 | INFO | 1 change detected
2026-09-20 19:29:13,072 | INFO | 1 change detected
2026-09-20 19:29:13,430 | INFO | 1 change detected
2026-09-20 19:29:13,787 | INFO | 1 change detected
2026-09-20 19:29:14,142 | INFO | 1 change detected
2026-09-20 19:29:14,552 | INFO | 1 change detected
2026-09-20 19:29:14,955 | INFO | 1 change detected
2026-09-20 19:29:15,361 | INFO | 1 change detected
2026-09-20 19:29:15,766 | INFO | 1 change detected
2026-09-20 19:29:16,172 | INFO | 1 change detected
2026-09-20 19:29:16,574 | INFO | 1 change detected
2026-09-20 19:29:16,976 | INFO | 1 change detected
2026-09-20 19:29:17,380 | INFO | 1 change detected
2026-09-20 19:29:17,781 | INFO | 1 change detected
2026-09-20 19:29:18,186 | INFO | 1 change detected
2026-09-20 19:29:18,590 | INFO | 1 change detected
2026-09-20 19:29:19,006 | INFO | 1 change detected
2026-09-20 19:29:19,408 | INFO | 1 change detected
2026-09-20 19:29:19,811 | INFO | 1 change detected
2026-09-20 19:29:20,215 | INFO | 1 change detected
2026-09-20 19:29:20,618 | INFO | 1 change detected
2026-09-20 19:29:21,022 | INFO | 1 change detected
2026-09-20 19:29:21,427 | INFO | 1 change detected
2026-09-20 19:29:21,830 | INFO | 1 change detected
2026-09-20 19:29:22,234 | INFO | 1 change detected
2026-09-20 19:29:22,650 | INFO | 1 change detected
2026-09-20 19:29:23,055 | INFO | 1 change detected
2026-09-20 19:29:23,456 | INFO | 1 change detected
2026-09-20 19:29:23,860 | INFO | 1 change detected
2026-09-20 19:29:24,263 | INFO | 1 change detected
2026-09-20 19:29:24,667 | INFO | 1 change detected
2026-09-20 19:29:25,074 | INFO | 1 change detected
2026-09-20 19:29:25,476 | INFO | 1 change detected
2026-09-20 19:29:25,878 | INFO | 1 change detected
2026-09-20 19:29:26,281 | INFO | 1 change detected
2026-09-20 19:29:26,682 | INFO | 1 change detected
2026-09-20 19:29:27,086 | INFO | 1 change detected
2026-09-20 19:29:27,488 | INFO | 1 change detected
2026-09-20 19:29:27,841 | INFO | 1 change detected
2026-09-20 19:29:28,249 | INFO | 1 change detected
2026-09-20 19:29:28,654 | INFO | 1 change detected
2026-09-20 19:29:29,058 | INFO | 1 change detected
2026-09-20 19:29:29,461 | INFO | 1 change detected
2026-09-20 19:29:29,865 | INFO | 1 change detected
2026-09-20 19:29:30,321 | INFO | 1 change detected
2026-09-20 19:29:30,736 | INFO | 1 change detected
2026-09-20 19:29:31,138 | INFO | 1 change detected
2026-09-20 19:29:31,540 | INFO | 1 change detected
2026-09-20 19:29:31,956 | INFO | 1 change detected
2026-09-20 19:29:32,362 | INFO | 1 change detected
2026-09-20 19:29:32,769 | INFO | 1 change detected
2026-09-20 19:29:33,171 | INFO | 1 change detected
2026-09-20 19:29:33,573 | INFO | 1 change detected
2026-09-20 19:29:33,981 | INFO | 1 change detected
2026-09-20 19:29:34,392 | INFO | 1 change detected
2026-09-20 19:29:34,799 | INFO | 1 change detected
2026-09-20 19:29:35,216 | INFO | 1 change detected
2026-09-20 19:29:35,622 | INFO | 1 change detected
2026-09-20 19:29:36,026 | INFO | 1 change detected
2026-09-20 19:29:36,431 | INFO | 1 change detected
2026-09-20 19:29:36,887 | INFO | 1 change detected
2026-09-20 19:29:37,253 | INFO | 1 change detected
2026-09-20 19:29:37,713 | INFO | 1 change detected
2026-09-20 19:29:38,077 | INFO | 1 change detected
2026-09-20 19:29:38,486 | INFO | 1 change detected
2026-09-20 19:29:38,891 | INFO | 1 change detected
2026-09-20 19:29:39,296 | INFO | 1 change detected
2026-09-20 19:29:39,706 | INFO | 1 change detected
2026-09-20 19:29:40,122 | INFO | 1 change detected
2026-09-20 19:29:40,526 | INFO | 1 change detected
2026-09-20 19:29:40,930 | INFO | 1 change detected
2026-09-20 19:29:41,337 | INFO | 1 change detected
2026-09-20 19:29:41,740 | INFO | 1 change detected
2026-09-20 19:29:42,146 | INFO | 1 change detected
2026-09-20 19:29:42,549 | INFO | 1 change detected
2026-09-20 19:29:42,954 | INFO | 1 change detected
2026-09-20 19:29:43,361 | INFO | 1 change detected
2026-09-20 19:29:43,764 | INFO | 1 change detected
2026-09-20 19:29:44,170 | INFO | 1 change detected
2026-09-20 19:29:44,575 | INFO | 1 change detected
2026-09-20 19:29:44,980 | INFO | 1 change detected
2026-09-20 19:29:45,382 | INFO | 1 change detected
2026-09-20 19:29:45,789 | INFO | 1 change detected
2026-09-20 19:29:46,202 | INFO | 1 change detected
2026-09-20 19:29:46,605 | INFO | 1 change detected
2026-09-20 19:29:47,008 | INFO | 1 change detected
2026-09-20 19:29:47,411 | INFO | 1 change detected
2026-09-20 19:29:47,815 | INFO | 1 change detected
2026-09-20 19:29:48,218 | INFO | 1 change detected
2026-09-20 19:29:48,624 | INFO | 1 change detected
2026-09-20 19:29:49,026 | INFO | 1 change detected
2026-09-20 19:29:49,432 | INFO | 1 change detected
2026-09-20 19:29:49,834 | INFO | 1 change detected
2026-09-20 19:29:50,190 | INFO | 1 change detected
2026-09-20 19:29:50,598 | INFO | 1 change detected
2026-09-20 19:29:51,003 | INFO | 1 change detected
2026-09-20 19:29:51,408 | INFO | 1 change detected
2026-09-20 19:29:51,812 | INFO | 1 change detected
2026-09-20 19:29:52,266 | INFO | 1 change detected
2026-09-20 19:29:52,668 | INFO | 1 change detected
2026-09-20 19:29:53,073 | INFO | 1 change detected
2026-09-20 19:29:53,426 | INFO | 1 change detected
2026-09-20 19:29:53,836 | INFO | 1 change detected
2026-09-20 19:29:54,241 | INFO | 1 change detected
2026-09-20 19:29:54,649 | INFO | 1 change detected
2026-09-20 19:29:55,054 | INFO | 1 change detected
2026-09-20 19:29:55,459 | INFO | 1 change detected
2026-09-20 19:29:55,862 | INFO | 1 change detected
2026-09-20 19:29:56,273 | INFO | 1 change detected
2026-09-20 19:29:56,689 | INFO | 1 change detected
2026-09-20 19:29:57,105 | INFO | 1 change detected
2026-09-20 19:29:57,507 | INFO | 1 change detected
2026-09-20 19:29:57,911 | INFO | 1 change detected
2026-09-20 19:29:58,318 | INFO | 1 change detected
2026-09-20 19:29:58,724 | INFO | 1 change detected
2026-09-20 19:29:59,128 | INFO | 1 change detected
2026-09-20 19:29:59,530 | INFO | 1 change detected
2026-09-20 19:29:59,934 | INFO | 1 change detected
2026-09-20 19:30:00,339 | INFO | 1 change detected
2026-09-20 19:30:00,744 | INFO | 1 change detected
2026-09-20 19:30:01,162 | INFO | 1 change detected
2026-09-20 19:30:01,565 | INFO | 1 change detected
2026-09-20 19:30:01,971 | INFO | 1 change detected
2026-09-20 19:30:02,375 | INFO | 1 change detected
2026-09-20 19:30:02,779 | INFO | 1 change detected
2026-09-20 19:30:03,186 | INFO | 1 change detected
2026-09-20 19:30:03,588 | INFO | 1 change detected
2026-09-20 19:30:03,993 | INFO | 1 change detected
2026-09-20 19:30:04,400 | INFO | 1 change detected
2026-09-20 19:30:04,804 | INFO | 1 change detected
2026-09-20 19:30:05,209 | INFO | 1 change detected
2026-09-20 19:30:05,614 | INFO | 1 change detected
2026-09-20 19:30:06,018 | INFO | 1 change detected
2026-09-20 19:30:06,383 | INFO | 1 change detected
2026-09-20 19:30:06,792 | INFO | 1 change detected
2026-09-20 19:30:07,199 | INFO | 1 change detected
2026-09-20 19:30:07,652 | INFO | 1 change detected
2026-09-20 19:30:08,054 | INFO | 1 change detected
2026-09-20 19:30:08,461 | INFO | 1 change detected
2026-09-20 19:30:08,827 | INFO | 1 change detected
2026-09-20 19:30:09,239 | INFO | 1 change detected
2026-09-20 19:30:09,641 | INFO | 1 change detected
2026-09-20 19:30:10,046 | INFO | 1 change detected
2026-09-20 19:30:10,450 | INFO | 1 change detected
2026-09-20 19:30:10,856 | INFO | 1 change detected
2026-09-20 19:30:11,262 | INFO | 1 change detected
2026-09-20 19:30:11,665 | INFO | 1 change detected
2026-09-20 19:30:12,070 | INFO | 1 change detected
2026-09-20 19:30:12,474 | INFO | 1 change detected
2026-09-20 19:30:12,880 | INFO | 1 change detected
2026-09-20 19:30:13,284 | INFO | 1 change detected
2026-09-20 19:30:13,688 | INFO | 1 change detected
2026-09-20 19:30:14,097 | INFO | 1 change detected
2026-09-20 19:30:14,512 | INFO | 1 change detected
2026-09-20 19:30:14,915 | INFO | 1 change detected
2026-09-20 19:30:15,324 | INFO | 1 change detected
2026-09-20 19:30:15,690 | INFO | 1 change detected
2026-09-20 19:30:16,097 | INFO | 1 change detected
2026-09-20 19:30:16,500 | INFO | 1 change detected
2026-09-20 19:30:16,908 | INFO | 1 change detected
2026-09-20 19:30:17,324 | INFO | 1 change detected
2026-09-20 19:30:17,730 | INFO | 1 change detected
2026-09-20 19:30:18,135 | INFO | 1 change detected
2026-09-20 19:30:18,539 | INFO | 1 change detected
2026-09-20 19:30:18,945 | INFO | 1 change detected
2026-09-20 19:30:19,350 | INFO | 1 change detected
2026-09-20 19:30:19,754 | INFO | 1 change detected
2026-09-20 19:30:20,158 | INFO | 1 change detected
2026-09-20 19:30:20,561 | INFO | 1 change detected
2026-09-20 19:30:20,966 | INFO | 1 change detected
2026-09-20 19:30:21,372 | INFO | 1 change detected
2026-09-20 19:30:21,776 | INFO | 1 change detected
2026-09-20 19:30:22,142 | INFO | 1 change detected
2026-09-20 19:30:22,552 | INFO | 1 change detected
2026-09-20 19:30:22,955 | INFO | 1 change detected
2026-09-20 19:30:23,359 | INFO | 1 change detected
2026-09-20 19:30:23,764 | INFO | 1 change detected
2026-09-20 19:30:24,169 | INFO | 1 change detected
2026-09-20 19:30:24,573 | INFO | 1 change detected
2026-09-20 19:30:24,976 | INFO | 1 change detected
2026-09-20 19:30:25,381 | INFO | 1 change detected
2026-09-20 19:30:25,783 | INFO | 1 change detected
2026-09-20 19:30:26,200 | INFO | 1 change detected
2026-09-20 19:30:26,604 | INFO | 1 change detected
2026-09-20 19:30:27,008 | INFO | 1 change detected
2026-09-20 19:30:27,410 | INFO | 1 change detected
2026-09-20 19:30:27,815 | INFO | 1 change detected
2026-09-20 19:30:28,232 | INFO | 1 change detected
2026-09-20 19:30:28,636 | INFO | 1 change detected
2026-09-20 19:30:29,039 | INFO | 1 change detected
2026-09-20 19:30:29,443 | INFO | 1 change detected
2026-09-20 19:30:29,846 | INFO | 1 change detected
2026-09-20 19:30:30,250 | INFO | 1 change detected
2026-09-20 19:30:30,654 | INFO | 1 change detected
2026-09-20 19:30:31,060 | INFO | 1 change detected
2026-09-20 19:30:31,476 | INFO | 1 change detected
2026-09-20 19:30:31,883 | INFO | 1 change detected
2026-09-20 19:30:32,288 | INFO | 1 change detected
2026-09-20 19:30:32,690 | INFO | 1 change detected
2026-09-20 19:30:33,056 | INFO | 1 change detected
2026-09-20 19:30:33,462 | INFO | 1 change detected
2026-09-20 19:30:33,866 | INFO | 1 change detected
2026-09-20 19:30:34,269 | INFO | 1 change detected
2026-09-20 19:30:34,671 | INFO | 1 change detected
2026-09-20 19:30:35,123 | INFO | 1 change detected
2026-09-20 19:30:35,474 | INFO | 1 change detected
2026-09-20 19:30:35,884 | INFO | 1 change detected
2026-09-20 19:30:36,285 | INFO | 1 change detected
2026-09-20 19:30:36,689 | INFO | 1 change detected
2026-09-20 19:30:37,094 | INFO | 1 change detected
2026-09-20 19:30:37,497 | INFO | 1 change detected
2026-09-20 19:30:37,902 | INFO | 1 change detected
2026-09-20 19:30:38,306 | INFO | 1 change detected
2026-09-20 19:30:38,710 | INFO | 1 change detected
2026-09-20 19:30:39,112 | INFO | 1 change detected
2026-09-20 19:30:39,517 | INFO | 1 change detected
2026-09-20 19:30:39,921 | INFO | 1 change detected
2026-09-20 19:30:40,279 | INFO | 1 change detected
2026-09-20 19:30:40,685 | INFO | 1 change detected
2026-09-20 19:30:41,090 | INFO | 1 change detected
2026-09-20 19:30:41,494 | INFO | 1 change detected
2026-09-20 19:30:41,900 | INFO | 1 change detected
2026-09-20 19:30:42,302 | INFO | 1 change detected
2026-09-20 19:30:42,704 | INFO | 1 change detected
2026-09-20 19:30:43,108 | INFO | 1 change detected
2026-09-20 19:30:43,513 | INFO | 1 change detected
2026-09-20 19:30:43,916 | INFO | 1 change detected
2026-09-20 19:30:44,319 | INFO | 1 change detected
2026-09-20 19:30:44,724 | INFO | 1 change detected
2026-09-20 19:30:45,141 | INFO | 1 change detected
2026-09-20 19:30:45,544 | INFO | 1 change detected
2026-09-20 19:30:45,946 | INFO | 1 change detected
2026-09-20 19:30:46,401 | INFO | 1 change detected
2026-09-20 19:30:46,767 | INFO | 1 change detected
2026-09-20 19:30:47,171 | INFO | 1 change detected
2026-09-20 19:30:47,574 | INFO | 1 change detected
2026-09-20 19:30:47,977 | INFO | 1 change detected
2026-09-20 19:30:48,382 | INFO | 1 change detected
2026-09-20 19:30:48,785 | INFO | 1 change detected
2026-09-20 19:30:49,189 | INFO | 1 change detected
2026-09-20 19:30:49,593 | INFO | 1 change detected
2026-09-20 19:30:49,994 | INFO | 1 change detected
2026-09-20 19:30:50,399 | INFO | 1 change detected
2026-09-20 19:30:50,804 | INFO | 1 change detected
2026-09-20 19:30:51,206 | INFO | 1 change detected
2026-09-20 19:30:51,613 | INFO | 1 change detected
2026-09-20 19:30:52,017 | INFO | 1 change detected
2026-09-20 19:30:52,422 | INFO | 1 change detected
2026-09-20 19:30:52,827 | INFO | 1 change detected
2026-09-20 19:30:53,233 | INFO | 1 change detected
2026-09-20 19:30:53,645 | INFO | 1 change detected
2026-09-20 19:30:54,056 | INFO | 1 change detected
2026-09-20 19:30:54,460 | INFO | 1 change detected
2026-09-20 19:30:54,862 | INFO | 1 change detected
2026-09-20 19:30:55,267 | INFO | 1 change detected
2026-09-20 19:30:55,673 | INFO | 1 change detected
2026-09-20 19:30:56,075 | INFO | 1 change detected
2026-09-20 19:30:56,483 | INFO | 1 change detected
2026-09-20 19:30:56,899 | INFO | 1 change detected
2026-09-20 19:30:57,309 | INFO | 1 change detected
2026-09-20 19:30:57,723 | INFO | 1 change detected
2026-09-20 19:30:58,125 | INFO | 1 change detected
2026-09-20 19:30:58,530 | INFO | 1 change detected
2026-09-20 19:30:58,935 | INFO | 1 change detected
2026-09-20 19:30:59,336 | INFO | 1 change detected
2026-09-20 19:30:59,741 | INFO | 1 change detected
2026-09-20 19:31:00,145 | INFO | 1 change detected
2026-09-20 19:31:00,549 | INFO | 1 change detected
2026-09-20 19:31:00,951 | INFO | 1 change detected
2026-09-20 19:31:01,356 | INFO | 1 change detected
2026-09-20 19:31:01,760 | INFO | 1 change detected
2026-09-20 19:31:02,166 | INFO | 1 change detected
2026-09-20 19:31:02,568 | INFO | 1 change detected
2026-09-20 19:31:02,978 | INFO | 1 change detected
2026-09-20 19:31:03,379 | INFO | 1 change detected
2026-09-20 19:31:03,780 | INFO | 1 change detected
2026-09-20 19:31:04,185 | INFO | 1 change detected
2026-09-20 19:31:04,589 | INFO | 1 change detected
2026-09-20 19:31:04,992 | INFO | 1 change detected
2026-09-20 19:31:05,396 | INFO | 1 change detected
2026-09-20 19:31:05,798 | INFO | 1 change detected
2026-09-20 19:31:06,204 | INFO | 1 change detected
2026-09-20 19:31:06,608 | INFO | 1 change detected
2026-09-20 19:31:07,012 | INFO | 1 change detected
2026-09-20 19:31:07,414 | INFO | 1 change detected
2026-09-20 19:31:07,829 | INFO | 1 change detected
2026-09-20 19:31:08,245 | INFO | 1 change detected
2026-09-20 19:31:08,654 | INFO | 1 change detected
2026-09-20 19:31:09,009 | INFO | 1 change detected
2026-09-20 19:31:09,417 | INFO | 1 change detected
2026-09-20 19:31:09,822 | INFO | 1 change detected
2026-09-20 19:31:10,225 | INFO | 1 change detected
2026-09-20 19:31:10,630 | INFO | 1 change detected
2026-09-20 19:31:11,036 | INFO | 1 change detected
2026-09-20 19:31:11,439 | INFO | 1 change detected
2026-09-20 19:31:11,842 | INFO | 1 change detected
2026-09-20 19:31:12,249 | INFO | 1 change detected
2026-09-20 19:31:12,653 | INFO | 1 change detected
2026-09-20 19:31:13,059 | INFO | 1 change detected
2026-09-20 19:31:13,462 | INFO | 1 change detected
2026-09-20 19:31:13,866 | INFO | 1 change detected
2026-09-20 19:31:14,268 | INFO | 1 change detected
2026-09-20 19:31:14,671 | INFO | 1 change detected
2026-09-20 19:31:15,075 | INFO | 1 change detected
2026-09-20 19:31:15,480 | INFO | 1 change detected
2026-09-20 19:31:15,884 | INFO | 1 change detected
2026-09-20 19:31:16,287 | INFO | 1 change detected
2026-09-20 19:31:16,691 | INFO | 1 change detected
2026-09-20 19:31:17,094 | INFO | 1 change detected
2026-09-20 19:31:17,497 | INFO | 1 change detected
2026-09-20 19:31:17,901 | INFO | 1 change detected
2026-09-20 19:31:18,307 | INFO | 1 change detected
2026-09-20 19:31:18,714 | INFO | 1 change detected
2026-09-20 19:31:19,119 | INFO | 1 change detected
2026-09-20 19:31:19,523 | INFO | 1 change detected
2026-09-20 19:31:19,926 | INFO | 1 change detected
2026-09-20 19:31:20,333 | INFO | 2 changes detected
2026-09-20 19:31:21,004 | INFO | 6 changes detected
2026-09-20 19:31:21,359 | INFO | 1 change detected
2026-09-20 19:31:21,716 | INFO | 1 change detected
2026-09-20 19:31:22,074 | INFO | 1 change detected
2026-09-20 19:31:22,481 | INFO | 1 change detected
2026-09-20 19:31:22,886 | INFO | 1 change detected
2026-09-20 19:31:23,290 | INFO | 1 change detected
2026-09-20 19:31:23,696 | INFO | 1 change detected
2026-09-20 19:31:24,152 | INFO | 1 change detected
2026-09-20 19:31:24,516 | INFO | 1 change detected
2026-09-20 19:31:24,922 | INFO | 1 change detected
2026-09-20 19:31:25,324 | INFO | 1 change detected
2026-09-20 19:31:25,729 | INFO | 1 change detected
2026-09-20 19:31:26,131 | INFO | 1 change detected
2026-09-20 19:31:26,533 | INFO | 1 change detected
2026-09-20 19:31:26,950 | INFO | 1 change detected
2026-09-20 19:31:27,352 | INFO | 1 change detected
2026-09-20 19:31:27,761 | INFO | 1 change detected
2026-09-20 19:31:28,166 | INFO | 1 change detected
2026-09-20 19:31:28,568 | INFO | 1 change detected
2026-09-20 19:31:28,973 | INFO | 1 change detected
2026-09-20 19:31:29,376 | INFO | 1 change detected
2026-09-20 19:31:29,779 | INFO | 1 change detected
2026-09-20 19:31:30,186 | INFO | 1 change detected
2026-09-20 19:31:30,588 | INFO | 1 change detected
2026-09-20 19:31:30,991 | INFO | 1 change detected
2026-09-20 19:31:31,395 | INFO | 1 change detected
2026-09-20 19:31:31,797 | INFO | 1 change detected
2026-09-20 19:31:32,200 | INFO | 1 change detected
2026-09-20 19:31:32,604 | INFO | 1 change detected
2026-09-20 19:31:33,009 | INFO | 1 change detected
2026-09-20 19:31:33,410 | INFO | 1 change detected
2026-09-20 19:31:33,814 | INFO | 1 change detected
2026-09-20 19:31:34,230 | INFO | 1 change detected
2026-09-20 19:31:34,633 | INFO | 1 change detected
2026-09-20 19:31:35,034 | INFO | 1 change detected
2026-09-20 19:31:35,388 | INFO | 1 change detected
2026-09-20 19:31:35,799 | INFO | 1 change detected
2026-09-20 19:31:36,200 | INFO | 1 change detected
2026-09-20 19:31:36,604 | INFO | 1 change detected
2026-09-20 19:31:37,009 | INFO | 1 change detected
2026-09-20 19:31:37,416 | INFO | 1 change detected
2026-09-20 19:31:37,832 | INFO | 1 change detected
2026-09-20 19:31:38,235 | INFO | 1 change detected
2026-09-20 19:31:38,642 | INFO | 1 change detected
2026-09-20 19:31:39,008 | INFO | 1 change detected
2026-09-20 19:31:39,414 | INFO | 1 change detected
2026-09-20 19:31:39,818 | INFO | 1 change detected
2026-09-20 19:31:40,220 | INFO | 1 change detected
2026-09-20 19:31:40,622 | INFO | 1 change detected
2026-09-20 19:31:41,026 | INFO | 1 change detected
2026-09-20 19:31:41,432 | INFO | 1 change detected
2026-09-20 19:31:41,838 | INFO | 1 change detected
2026-09-20 19:31:42,242 | INFO | 1 change detected
2026-09-20 19:31:42,647 | INFO | 1 change detected
2026-09-20 19:31:43,051 | INFO | 1 change detected
2026-09-20 19:31:43,455 | INFO | 1 change detected
2026-09-20 19:31:43,861 | INFO | 1 change detected
2026-09-20 19:31:44,267 | INFO | 1 change detected
2026-09-20 19:31:44,673 | INFO | 1 change detected
2026-09-20 19:31:45,075 | INFO | 1 change detected
2026-09-20 19:31:45,480 | INFO | 1 change detected
2026-09-20 19:31:45,896 | INFO | 1 change detected
2026-09-20 19:31:46,301 | INFO | 1 change detected
2026-09-20 19:31:46,704 | INFO | 1 change detected
2026-09-20 19:31:47,106 | INFO | 1 change detected
2026-09-20 19:31:47,512 | INFO | 1 change detected
2026-09-20 19:31:47,916 | INFO | 1 change detected
2026-09-20 19:31:48,322 | INFO | 1 change detected
2026-09-20 19:31:48,738 | INFO | 1 change detected
2026-09-20 19:31:49,140 | INFO | 1 change detected
2026-09-20 19:31:49,544 | INFO | 1 change detected
2026-09-20 19:31:49,910 | INFO | 1 change detected
2026-09-20 19:31:50,320 | INFO | 1 change detected
2026-09-20 19:31:50,724 | INFO | 1 change detected
2026-09-20 19:31:51,127 | INFO | 1 change detected
2026-09-20 19:31:51,532 | INFO | 1 change detected
2026-09-20 19:31:51,936 | INFO | 1 change detected
2026-09-20 19:31:52,353 | INFO | 1 change detected
2026-09-20 19:31:52,761 | INFO | 1 change detected
2026-09-20 19:31:53,166 | INFO | 1 change detected
2026-09-20 19:31:53,569 | INFO | 1 change detected
2026-09-20 19:31:53,975 | INFO | 1 change detected
2026-09-20 19:31:54,381 | INFO | 1 change detected
2026-09-20 19:31:54,787 | INFO | 1 change detected
2026-09-20 19:31:55,192 | INFO | 1 change detected
2026-09-20 19:31:55,557 | INFO | 1 change detected
2026-09-20 19:31:55,968 | INFO | 1 change detected
2026-09-20 19:31:56,370 | INFO | 1 change detected
2026-09-20 19:31:56,772 | INFO | 1 change detected
2026-09-20 19:31:57,177 | INFO | 1 change detected
2026-09-20 19:31:57,580 | INFO | 1 change detected
2026-09-20 19:31:57,987 | INFO | 1 change detected
2026-09-20 19:31:58,389 | INFO | 1 change detected
2026-09-20 19:31:58,793 | INFO | 1 change detected
2026-09-20 19:31:59,200 | INFO | 1 change detected
2026-09-20 19:31:59,603 | INFO | 1 change detected
2026-09-20 19:32:00,011 | INFO | 1 change detected
2026-09-20 19:32:00,414 | INFO | 1 change detected
2026-09-20 19:32:00,780 | INFO | 1 change detected
2026-09-20 19:32:01,187 | INFO | 1 change detected
2026-09-20 19:32:01,592 | INFO | 1 change detected
2026-09-20 19:32:01,996 | INFO | 1 change detected
2026-09-20 19:32:02,401 | INFO | 1 change detected
2026-09-20 19:32:02,805 | INFO | 1 change detected
2026-09-20 19:32:03,208 | INFO | 1 change detected
2026-09-20 19:32:03,612 | INFO | 1 change detected
2026-09-20 19:32:04,014 | INFO | 1 change detected
2026-09-20 19:32:04,418 | INFO | 1 change detected
2026-09-20 19:32:04,822 | INFO | 1 change detected
2026-09-20 19:32:05,225 | INFO | 1 change detected
2026-09-20 19:32:05,626 | INFO | 1 change detected
2026-09-20 19:32:06,030 | INFO | 1 change detected
2026-09-20 19:32:06,432 | INFO | 1 change detected
2026-09-20 19:32:06,839 | INFO | 1 change detected
2026-09-20 19:32:07,242 | INFO | 1 change detected
2026-09-20 19:32:07,647 | INFO | 1 change detected
2026-09-20 19:32:08,050 | INFO | 1 change detected
2026-09-20 19:32:08,455 | INFO | 1 change detected
2026-09-20 19:32:08,857 | INFO | 1 change detected
2026-09-20 19:32:09,260 | INFO | 1 change detected
2026-09-20 19:32:09,865 | INFO | 1 change detected
2026-09-20 19:32:10,216 | INFO | 1 change detected
2026-09-20 19:32:10,572 | INFO | 1 change detected
2026-09-20 19:32:10,980 | INFO | 1 change detected
2026-09-20 19:32:11,396 | INFO | 1 change detected
2026-09-20 19:32:11,798 | INFO | 1 change detected
2026-09-20 19:32:12,204 | INFO | 1 change detected
2026-09-20 19:32:12,608 | INFO | 1 change detected
2026-09-20 19:32:13,013 | INFO | 1 change detected
2026-09-20 19:32:13,430 | INFO | 1 change detected
2026-09-20 19:32:13,832 | INFO | 1 change detected
2026-09-20 19:32:14,238 | INFO | 1 change detected
2026-09-20 19:32:14,643 | INFO | 1 change detected
2026-09-20 19:32:15,045 | INFO | 1 change detected
2026-09-20 19:32:15,452 | INFO | 1 change detected
2026-09-20 19:32:15,856 | INFO | 1 change detected
2026-09-20 19:32:16,260 | INFO | 1 change detected
2026-09-20 19:32:16,666 | INFO | 1 change detected
2026-09-20 19:32:17,070 | INFO | 1 change detected
2026-09-20 19:32:17,474 | INFO | 1 change detected
2026-09-20 19:32:17,875 | INFO | 1 change detected
2026-09-20 19:32:18,280 | INFO | 1 change detected
2026-09-20 19:32:18,685 | INFO | 1 change detected
2026-09-20 19:32:19,088 | INFO | 1 change detected
2026-09-20 19:32:19,492 | INFO | 1 change detected
2026-09-20 19:32:19,897 | INFO | 1 change detected
2026-09-20 19:32:20,300 | INFO | 1 change detected
2026-09-20 19:32:20,654 | INFO | 1 change detected
2026-09-20 19:32:21,061 | INFO | 1 change detected
2026-09-20 19:32:21,465 | INFO | 1 change detected
2026-09-20 19:32:21,870 | INFO | 1 change detected
2026-09-20 19:32:22,272 | INFO | 1 change detected
2026-09-20 19:32:22,680 | INFO | 1 change detected
2026-09-20 19:32:23,084 | INFO | 1 change detected
2026-09-20 19:32:23,488 | INFO | 1 change detected
2026-09-20 19:32:23,892 | INFO | 1 change detected
2026-09-20 19:32:24,301 | INFO | 1 change detected
2026-09-20 19:32:24,704 | INFO | 1 change detected
2026-09-20 19:32:25,110 | INFO | 1 change detected
2026-09-20 19:32:25,515 | INFO | 1 change detected
2026-09-20 19:32:25,928 | INFO | 1 change detected
2026-09-20 19:32:26,339 | INFO | 1 change detected
2026-09-20 19:32:26,743 | INFO | 1 change detected
2026-09-20 19:32:27,147 | INFO | 1 change detected
2026-09-20 19:32:27,550 | INFO | 1 change detected
2026-09-20 19:32:27,957 | INFO | 1 change detected
2026-09-20 19:32:28,359 | INFO | 1 change detected
2026-09-20 19:32:28,762 | INFO | 1 change detected
2026-09-20 19:32:29,167 | INFO | 1 change detected
2026-09-20 19:32:29,573 | INFO | 1 change detected
2026-09-20 19:32:29,978 | INFO | 1 change detected
2026-09-20 19:32:30,381 | INFO | 1 change detected
2026-09-20 19:32:30,785 | INFO | 1 change detected
2026-09-20 19:32:31,190 | INFO | 1 change detected
2026-09-20 19:32:31,595 | INFO | 1 change detected
2026-09-20 19:32:31,998 | INFO | 1 change detected
2026-09-20 19:32:32,404 | INFO | 1 change detected
2026-09-20 19:32:32,806 | INFO | 1 change detected
2026-09-20 19:32:33,211 | INFO | 1 change detected
2026-09-20 19:32:33,616 | INFO | 1 change detected
2026-09-20 19:32:34,032 | INFO | 1 change detected
2026-09-20 19:32:34,435 | INFO | 1 change detected
2026-09-20 19:32:34,841 | INFO | 1 change detected
2026-09-20 19:32:35,245 | INFO | 1 change detected
2026-09-20 19:32:35,650 | INFO | 1 change detected
2026-09-20 19:32:36,055 | INFO | 1 change detected
2026-09-20 19:32:36,412 | INFO | 1 change detected
2026-09-20 19:32:36,820 | INFO | 1 change detected
2026-09-20 19:32:37,222 | INFO | 1 change detected
2026-09-20 19:32:37,628 | INFO | 1 change detected
2026-09-20 19:32:38,033 | INFO | 1 change detected
2026-09-20 19:32:38,437 | INFO | 1 change detected
2026-09-20 19:32:38,839 | INFO | 1 change detected
2026-09-20 19:32:39,245 | INFO | 1 change detected
2026-09-20 19:32:39,649 | INFO | 1 change detected
2026-09-20 19:32:40,052 | INFO | 1 change detected
2026-09-20 19:32:40,456 | INFO | 1 change detected
2026-09-20 19:32:40,861 | INFO | 1 change detected
2026-09-20 19:32:41,265 | INFO | 1 change detected
2026-09-20 19:32:41,667 | INFO | 1 change detected
2026-09-20 19:32:42,071 | INFO | 1 change detected
2026-09-20 19:32:42,477 | INFO | 1 change detected
2026-09-20 19:32:42,883 | INFO | 1 change detected
2026-09-20 19:32:43,336 | INFO | 1 change detected
2026-09-20 19:32:43,701 | INFO | 1 change detected
2026-09-20 19:32:44,107 | INFO | 1 change detected
2026-09-20 19:32:44,509 | INFO | 1 change detected
2026-09-20 19:32:44,914 | INFO | 1 change detected
2026-09-20 19:32:45,329 | INFO | 1 change detected
2026-09-20 19:32:45,734 | INFO | 1 change detected
2026-09-20 19:32:46,137 | INFO | 1 change detected
2026-09-20 19:32:46,644 | INFO | 1 change detected
2026-09-20 19:32:47,003 | INFO | 1 change detected
2026-09-20 19:32:47,410 | INFO | 1 change detected
2026-09-20 19:32:47,817 | INFO | 1 change detected
2026-09-20 19:32:48,224 | INFO | 1 change detected
2026-09-20 19:32:48,625 | INFO | 1 change detected
2026-09-20 19:32:49,029 | INFO | 1 change detected
2026-09-20 19:32:49,432 | INFO | 1 change detected
2026-09-20 19:32:49,887 | INFO | 1 change detected
2026-09-20 19:32:50,238 | INFO | 1 change detected
2026-09-20 19:32:50,648 | INFO | 1 change detected
2026-09-20 19:32:51,101 | INFO | 1 change detected
2026-09-20 19:32:51,515 | INFO | 1 change detected
2026-09-20 19:32:51,917 | INFO | 1 change detected
2026-09-20 19:32:52,271 | INFO | 1 change detected
2026-09-20 19:32:52,679 | INFO | 1 change detected
2026-09-20 19:32:53,084 | INFO | 1 change detected
2026-09-20 19:32:53,490 | INFO | 1 change detected
2026-09-20 19:32:53,907 | INFO | 1 change detected
2026-09-20 19:32:54,311 | INFO | 1 change detected
2026-09-20 19:32:54,715 | INFO | 1 change detected
2026-09-20 19:32:55,119 | INFO | 1 change detected
2026-09-20 19:32:55,536 | INFO | 1 change detected
2026-09-20 19:32:55,939 | INFO | 1 change detected
2026-09-20 19:32:56,342 | INFO | 1 change detected
2026-09-20 19:32:56,746 | INFO | 1 change detected
2026-09-20 19:32:57,151 | INFO | 1 change detected
2026-09-20 19:32:57,555 | INFO | 1 change detected
2026-09-20 19:32:57,958 | INFO | 1 change detected
2026-09-20 19:32:58,362 | INFO | 1 change detected
2026-09-20 19:32:58,717 | INFO | 1 change detected
2026-09-20 19:32:59,126 | INFO | 1 change detected
2026-09-20 19:32:59,531 | INFO | 1 change detected
2026-09-20 19:32:59,936 | INFO | 1 change detected
2026-09-20 19:33:00,339 | INFO | 1 change detected
2026-09-20 19:33:00,744 | INFO | 1 change detected
2026-09-20 19:33:01,148 | INFO | 1 change detected
2026-09-20 19:33:01,565 | INFO | 1 change detected
2026-09-20 19:33:01,968 | INFO | 1 change detected
2026-09-20 19:33:02,371 | INFO | 1 change detected
2026-09-20 19:33:02,776 | INFO | 1 change detected
2026-09-20 19:33:03,180 | INFO | 1 change detected
2026-09-20 19:33:03,586 | INFO | 1 change detected
2026-09-20 19:33:03,991 | INFO | 1 change detected
2026-09-20 19:33:04,393 | INFO | 1 change detected
2026-09-20 19:33:04,795 | INFO | 1 change detected
2026-09-20 19:33:05,201 | INFO | 1 change detected
2026-09-20 19:33:05,605 | INFO | 1 change detected
2026-09-20 19:33:06,008 | INFO | 1 change detected
2026-09-20 19:33:06,414 | INFO | 1 change detected
2026-09-20 19:33:06,820 | INFO | 1 change detected
2026-09-20 19:33:07,224 | INFO | 1 change detected
2026-09-20 19:33:07,626 | INFO | 1 change detected
2026-09-20 19:33:08,028 | INFO | 1 change detected
2026-09-20 19:33:08,433 | INFO | 1 change detected
2026-09-20 19:33:08,837 | INFO | 1 change detected
2026-09-20 19:33:09,242 | INFO | 1 change detected
2026-09-20 19:33:09,657 | INFO | 1 change detected
2026-09-20 19:33:10,064 | INFO | 1 change detected
2026-09-20 19:33:10,469 | INFO | 1 change detected
2026-09-20 19:33:10,874 | INFO | 1 change detected
2026-09-20 19:33:11,227 | INFO | 1 change detected
2026-09-20 19:33:11,634 | INFO | 1 change detected
2026-09-20 19:33:12,038 | INFO | 1 change detected
2026-09-20 19:33:12,443 | INFO | 1 change detected
2026-09-20 19:33:12,850 | INFO | 1 change detected
2026-09-20 19:33:13,254 | INFO | 1 change detected
2026-09-20 19:33:13,670 | INFO | 1 change detected
2026-09-20 19:33:14,073 | INFO | 1 change detected
2026-09-20 19:33:14,440 | INFO | 1 change detected
2026-09-20 19:33:14,848 | INFO | 1 change detected
2026-09-20 19:33:15,252 | INFO | 1 change detected
2026-09-20 19:33:15,655 | INFO | 1 change detected
2026-09-20 19:33:16,061 | INFO | 1 change detected
2026-09-20 19:33:16,477 | INFO | 1 change detected
2026-09-20 19:33:16,881 | INFO | 1 change detected
2026-09-20 19:33:17,283 | INFO | 1 change detected
2026-09-20 19:33:17,686 | INFO | 1 change detected
2026-09-20 19:33:18,093 | INFO | 1 change detected
2026-09-20 19:33:18,495 | INFO | 1 change detected
2026-09-20 19:33:18,850 | INFO | 1 change detected
2026-09-20 19:33:19,259 | INFO | 1 change detected
2026-09-20 19:33:19,664 | INFO | 1 change detected
2026-09-20 19:33:20,069 | INFO | 1 change detected
2026-09-20 19:33:20,474 | INFO | 1 change detected
2026-09-20 19:33:20,879 | INFO | 1 change detected
2026-09-20 19:33:21,284 | INFO | 1 change detected
2026-09-20 19:33:21,687 | INFO | 1 change detected
2026-09-20 19:33:22,091 | INFO | 1 change detected
2026-09-20 19:33:22,495 | INFO | 1 change detected
2026-09-20 19:33:22,903 | INFO | 1 change detected
2026-09-20 19:33:23,305 | INFO | 1 change detected
2026-09-20 19:33:23,707 | INFO | 1 change detected
2026-09-20 19:33:24,064 | INFO | 1 change detected
2026-09-20 19:33:24,475 | INFO | 1 change detected
2026-09-20 19:33:24,880 | INFO | 1 change detected
2026-09-20 19:33:25,284 | INFO | 1 change detected
2026-09-20 19:33:25,638 | INFO | 1 change detected
2026-09-20 19:33:26,046 | INFO | 1 change detected
2026-09-20 19:33:26,448 | INFO | 1 change detected
2026-09-20 19:33:26,853 | INFO | 1 change detected
2026-09-20 19:33:27,259 | INFO | 1 change detected
2026-09-20 19:33:27,665 | INFO | 1 change detected
2026-09-20 19:33:28,071 | INFO | 1 change detected
2026-09-20 19:33:28,475 | INFO | 1 change detected
2026-09-20 19:33:28,879 | INFO | 1 change detected
2026-09-20 19:33:29,283 | INFO | 1 change detected
2026-09-20 19:33:29,685 | INFO | 1 change detected
2026-09-20 19:33:30,090 | INFO | 1 change detected
2026-09-20 19:33:30,494 | INFO | 1 change detected
2026-09-20 19:33:30,849 | INFO | 1 change detected
2026-09-20 19:33:31,472 | INFO | 1 change detected
2026-09-20 19:33:31,831 | INFO | 1 change detected
2026-09-20 19:33:32,190 | INFO | 1 change detected
2026-09-20 19:33:32,598 | INFO | 1 change detected
2026-09-20 19:33:33,005 | INFO | 1 change detected
2026-09-20 19:33:33,410 | INFO | 1 change detected
2026-09-20 19:33:33,816 | INFO | 1 change detected
2026-09-20 19:33:34,219 | INFO | 1 change detected
2026-09-20 19:33:34,624 | INFO | 1 change detected
2026-09-20 19:33:35,028 | INFO | 1 change detected
2026-09-20 19:33:35,433 | INFO | 1 change detected
2026-09-20 19:33:35,836 | INFO | 1 change detected
2026-09-20 19:33:36,201 | INFO | 1 change detected
2026-09-20 19:33:36,609 | INFO | 1 change detected
2026-09-20 19:33:37,011 | INFO | 1 change detected
2026-09-20 19:33:37,416 | INFO | 1 change detected
2026-09-20 19:33:37,820 | INFO | 1 change detected
2026-09-20 19:33:38,225 | INFO | 1 change detected
2026-09-20 19:33:38,629 | INFO | 1 change detected
2026-09-20 19:33:39,032 | INFO | 1 change detected
2026-09-20 19:33:39,439 | INFO | 1 change detected
2026-09-20 19:33:39,844 | INFO | 1 change detected
2026-09-20 19:33:40,245 | INFO | 1 change detected
2026-09-20 19:33:40,648 | INFO | 1 change detected
2026-09-20 19:33:41,053 | INFO | 1 change detected
2026-09-20 19:33:41,457 | INFO | 1 change detected
2026-09-20 19:33:41,863 | INFO | 1 change detected
2026-09-20 19:33:42,266 | INFO | 1 change detected
2026-09-20 19:33:42,673 | INFO | 1 change detected
2026-09-20 19:33:43,078 | INFO | 1 change detected
2026-09-20 19:33:43,482 | INFO | 1 change detected
2026-09-20 19:33:43,887 | INFO | 1 change detected
2026-09-20 19:33:44,294 | INFO | 1 change detected
2026-09-20 19:33:44,697 | INFO | 1 change detected
2026-09-20 19:33:45,101 | INFO | 1 change detected
2026-09-20 19:33:45,505 | INFO | 1 change detected
2026-09-20 19:33:45,911 | INFO | 1 change detected
2026-09-20 19:33:46,316 | INFO | 1 change detected
2026-09-20 19:33:46,719 | INFO | 1 change detected
2026-09-20 19:33:47,122 | INFO | 1 change detected
2026-09-20 19:33:47,529 | INFO | 1 change detected
2026-09-20 19:33:47,934 | INFO | 1 change detected
2026-09-20 19:33:48,338 | INFO | 1 change detected
2026-09-20 19:33:48,742 | INFO | 1 change detected
2026-09-20 19:33:49,147 | INFO | 1 change detected
2026-09-20 19:33:49,552 | INFO | 1 change detected
2026-09-20 19:33:49,956 | INFO | 1 change detected
2026-09-20 19:33:50,363 | INFO | 1 change detected
2026-09-20 19:33:50,766 | INFO | 1 change detected
2026-09-20 19:33:51,171 | INFO | 1 change detected
2026-09-20 19:33:51,575 | INFO | 1 change detected
2026-09-20 19:33:51,977 | INFO | 1 change detected
2026-09-20 19:33:52,384 | INFO | 1 change detected
2026-09-20 19:33:52,787 | INFO | 1 change detected
2026-09-20 19:33:53,191 | INFO | 1 change detected
2026-09-20 19:33:53,595 | INFO | 1 change detected
2026-09-20 19:33:54,000 | INFO | 1 change detected
2026-09-20 19:33:54,406 | INFO | 1 change detected
2026-09-20 19:33:54,814 | INFO | 1 change detected
2026-09-20 19:33:55,231 | INFO | 1 change detected
2026-09-20 19:33:55,634 | INFO | 1 change detected
2026-09-20 19:33:56,035 | INFO | 1 change detected
2026-09-20 19:33:56,438 | INFO | 1 change detected
2026-09-20 19:33:56,843 | INFO | 1 change detected
2026-09-20 19:33:57,249 | INFO | 1 change detected
2026-09-20 19:33:57,652 | INFO | 1 change detected
2026-09-20 19:33:58,057 | INFO | 1 change detected
2026-09-20 19:33:58,462 | INFO | 1 change detected
2026-09-20 19:33:58,869 | INFO | 1 change detected
2026-09-20 19:33:59,271 | INFO | 1 change detected
2026-09-20 19:33:59,677 | INFO | 1 change detected
2026-09-20 19:34:00,081 | INFO | 1 change detected
2026-09-20 19:34:00,484 | INFO | 1 change detected
2026-09-20 19:34:00,889 | INFO | 1 change detected
2026-09-20 19:34:01,294 | INFO | 1 change detected
2026-09-20 19:34:01,697 | INFO | 1 change detected
2026-09-20 19:34:02,103 | INFO | 1 change detected
2026-09-20 19:34:02,506 | INFO | 1 change detected
2026-09-20 19:34:02,910 | INFO | 1 change detected
2026-09-20 19:34:03,315 | INFO | 1 change detected
2026-09-20 19:34:03,718 | INFO | 1 change detected
2026-09-20 19:34:04,125 | INFO | 1 change detected
2026-09-20 19:34:04,530 | INFO | 1 change detected
2026-09-20 19:34:04,935 | INFO | 1 change detected
2026-09-20 19:34:05,339 | INFO | 1 change detected
2026-09-20 19:34:05,745 | INFO | 1 change detected
2026-09-20 19:34:06,099 | INFO | 1 change detected
2026-09-20 19:34:06,507 | INFO | 1 change detected
2026-09-20 19:34:06,914 | INFO | 1 change detected
2026-09-20 19:34:07,317 | INFO | 1 change detected
2026-09-20 19:34:07,722 | INFO | 1 change detected
2026-09-20 19:34:08,126 | INFO | 1 change detected
2026-09-20 19:34:08,530 | INFO | 1 change detected
2026-09-20 19:34:08,932 | INFO | 1 change detected
2026-09-20 19:34:09,336 | INFO | 1 change detected
2026-09-20 19:34:09,740 | INFO | 1 change detected
2026-09-20 19:34:10,145 | INFO | 1 change detected
2026-09-20 19:34:10,561 | INFO | 1 change detected
2026-09-20 19:34:10,966 | INFO | 1 change detected
2026-09-20 19:34:11,369 | INFO | 1 change detected
2026-09-20 19:34:11,776 | INFO | 1 change detected
2026-09-20 19:34:12,179 | INFO | 1 change detected
2026-09-20 19:34:12,583 | INFO | 1 change detected
2026-09-20 19:34:12,987 | INFO | 1 change detected
2026-09-20 19:34:13,391 | INFO | 1 change detected
2026-09-20 19:34:13,795 | INFO | 1 change detected
2026-09-20 19:34:14,199 | INFO | 1 change detected
2026-09-20 19:34:14,608 | INFO | 1 change detected
2026-09-20 19:34:15,012 | INFO | 1 change detected
2026-09-20 19:34:15,415 | INFO | 1 change detected
2026-09-20 19:34:15,818 | INFO | 1 change detected
2026-09-20 19:34:16,225 | INFO | 1 change detected
2026-09-20 19:34:16,628 | INFO | 1 change detected
2026-09-20 19:34:17,034 | INFO | 1 change detected
2026-09-20 19:34:17,440 | INFO | 1 change detected
2026-09-20 19:34:17,857 | INFO | 1 change detected
2026-09-20 19:34:18,261 | INFO | 1 change detected
2026-09-20 19:34:18,665 | INFO | 1 change detected
2026-09-20 19:34:19,069 | INFO | 1 change detected
2026-09-20 19:34:19,474 | INFO | 1 change detected
2026-09-20 19:34:19,880 | INFO | 1 change detected
2026-09-20 19:34:20,285 | INFO | 1 change detected
2026-09-20 19:34:20,691 | INFO | 1 change detected
2026-09-20 19:34:21,095 | INFO | 1 change detected
2026-09-20 19:34:21,498 | INFO | 1 change detected
2026-09-20 19:34:21,903 | INFO | 1 change detected
2026-09-20 19:34:22,309 | INFO | 1 change detected
2026-09-20 19:34:22,715 | INFO | 1 change detected
2026-09-20 19:34:23,119 | INFO | 1 change detected
2026-09-20 19:34:23,522 | INFO | 1 change detected
2026-09-20 19:34:23,926 | INFO | 1 change detected
2026-09-20 19:34:24,283 | INFO | 1 change detected
2026-09-20 19:34:24,693 | INFO | 1 change detected
2026-09-20 19:34:25,098 | INFO | 1 change detected
2026-09-20 19:34:25,500 | INFO | 1 change detected
2026-09-20 19:34:25,905 | INFO | 1 change detected
2026-09-20 19:34:26,261 | INFO | 1 change detected
2026-09-20 19:34:26,669 | INFO | 1 change detected
2026-09-20 19:34:27,071 | INFO | 1 change detected
2026-09-20 19:34:27,475 | INFO | 1 change detected
2026-09-20 19:34:27,880 | INFO | 1 change detected
2026-09-20 19:34:28,282 | INFO | 1 change detected
2026-09-20 19:34:28,685 | INFO | 1 change detected
2026-09-20 19:34:29,102 | INFO | 1 change detected
2026-09-20 19:34:29,508 | INFO | 1 change detected
2026-09-20 19:34:29,911 | INFO | 1 change detected
2026-09-20 19:34:30,313 | INFO | 1 change detected
2026-09-20 19:34:30,717 | INFO | 1 change detected
2026-09-20 19:34:31,121 | INFO | 1 change detected
2026-09-20 19:34:31,524 | INFO | 1 change detected
2026-09-20 19:34:31,927 | INFO | 1 change detected
2026-09-20 19:34:32,331 | INFO | 1 change detected
2026-09-20 19:34:32,735 | INFO | 1 change detected
2026-09-20 19:34:33,140 | INFO | 1 change detected
2026-09-20 19:34:33,545 | INFO | 1 change detected
2026-09-20 19:34:33,949 | INFO | 1 change detected
2026-09-20 19:34:34,352 | INFO | 1 change detected
2026-09-20 19:34:34,757 | INFO | 1 change detected
2026-09-20 19:34:35,163 | INFO | 1 change detected
2026-09-20 19:34:35,566 | INFO | 1 change detected
2026-09-20 19:34:35,982 | INFO | 1 change detected
2026-09-20 19:34:36,385 | INFO | 1 change detected
2026-09-20 19:34:36,788 | INFO | 1 change detected
2026-09-20 19:34:37,195 | INFO | 1 change detected
2026-09-20 19:34:37,599 | INFO | 1 change detected
2026-09-20 19:34:38,002 | INFO | 1 change detected
2026-09-20 19:34:38,404 | INFO | 1 change detected
2026-09-20 19:34:38,808 | INFO | 1 change detected
2026-09-20 19:34:39,162 | INFO | 1 change detected
2026-09-20 19:34:39,570 | INFO | 1 change detected
2026-09-20 19:34:39,974 | INFO | 1 change detected
2026-09-20 19:34:40,378 | INFO | 1 change detected
2026-09-20 19:34:40,783 | INFO | 1 change detected
2026-09-20 19:34:41,186 | INFO | 1 change detected
2026-09-20 19:34:41,591 | INFO | 1 change detected
2026-09-20 19:34:41,999 | INFO | 1 change detected
2026-09-20 19:34:42,402 | INFO | 1 change detected
2026-09-20 19:34:42,805 | INFO | 1 change detected
2026-09-20 19:34:43,210 | INFO | 1 change detected
2026-09-20 19:34:43,614 | INFO | 1 change detected
2026-09-20 19:34:44,016 | INFO | 1 change detected
2026-09-20 19:34:44,422 | INFO | 1 change detected
2026-09-20 19:34:44,825 | INFO | 1 change detected
2026-09-20 19:34:45,229 | INFO | 1 change detected
2026-09-20 19:34:45,634 | INFO | 1 change detected
2026-09-20 19:34:46,051 | INFO | 1 change detected
2026-09-20 19:34:46,457 | INFO | 1 change detected
2026-09-20 19:34:46,859 | INFO | 1 change detected
2026-09-20 19:34:47,262 | INFO | 1 change detected
2026-09-20 19:34:47,664 | INFO | 1 change detected
2026-09-20 19:34:48,067 | INFO | 1 change detected
2026-09-20 19:34:48,471 | INFO | 1 change detected
2026-09-20 19:34:48,875 | INFO | 1 change detected
2026-09-20 19:34:49,281 | INFO | 1 change detected
2026-09-20 19:34:49,687 | INFO | 1 change detected
2026-09-20 19:34:50,090 | INFO | 1 change detected
2026-09-20 19:34:50,491 | INFO | 1 change detected
2026-09-20 19:34:50,895 | INFO | 1 change detected
2026-09-20 19:34:51,301 | INFO | 1 change detected
2026-09-20 19:34:51,667 | INFO | 1 change detected
2026-09-20 19:34:52,075 | INFO | 1 change detected
2026-09-20 19:34:52,484 | INFO | 1 change detected
2026-09-20 19:34:52,898 | INFO | 1 change detected
2026-09-20 19:34:53,305 | INFO | 1 change detected
2026-09-20 19:34:53,707 | INFO | 1 change detected
2026-09-20 19:34:54,111 | INFO | 1 change detected
2026-09-20 19:34:54,514 | INFO | 1 change detected
2026-09-20 19:34:54,930 | INFO | 1 change detected
2026-09-20 19:34:55,334 | INFO | 1 change detected
2026-09-20 19:34:55,741 | INFO | 1 change detected
2026-09-20 19:34:56,143 | INFO | 1 change detected
2026-09-20 19:34:56,499 | INFO | 1 change detected
2026-09-20 19:34:56,907 | INFO | 1 change detected
2026-09-20 19:34:57,361 | INFO | 2 changes detected
2026-09-20 19:34:57,988 | INFO | 1 change detected
2026-09-20 19:34:58,350 | INFO | 1 change detected
2026-09-20 19:34:58,707 | INFO | 1 change detected
2026-09-20 19:34:59,114 | INFO | 1 change detected
2026-09-20 19:34:59,517 | INFO | 1 change detected
2026-09-20 19:34:59,922 | INFO | 1 change detected
2026-09-20 19:35:00,325 | INFO | 1 change detected
2026-09-20 19:35:00,728 | INFO | 1 change detected
2026-09-20 19:35:01,132 | INFO | 1 change detected
2026-09-20 19:35:01,539 | INFO | 1 change detected
2026-09-20 19:35:01,895 | INFO | 1 change detected
2026-09-20 19:35:02,300 | INFO | 1 change detected
2026-09-20 19:35:02,704 | INFO | 1 change detected
2026-09-20 19:35:03,111 | INFO | 1 change detected
2026-09-20 19:35:03,527 | INFO | 1 change detected
2026-09-20 19:35:03,932 | INFO | 1 change detected
2026-09-20 19:35:04,337 | INFO | 1 change detected
2026-09-20 19:35:04,740 | INFO | 1 change detected
2026-09-20 19:35:05,142 | INFO | 1 change detected
2026-09-20 19:35:05,544 | INFO | 1 change detected
2026-09-20 19:35:05,961 | INFO | 1 change detected
2026-09-20 19:35:06,363 | INFO | 1 change detected
2026-09-20 19:35:06,767 | INFO | 1 change detected
2026-09-20 19:35:07,124 | INFO | 1 change detected
2026-09-20 19:35:07,532 | INFO | 1 change detected
2026-09-20 19:35:07,937 | INFO | 1 change detected
2026-09-20 19:35:08,354 | INFO | 1 change detected
2026-09-20 19:35:08,758 | INFO | 1 change detected
2026-09-20 19:35:09,160 | INFO | 1 change detected
2026-09-20 19:35:09,565 | INFO | 1 change detected
2026-09-20 19:35:09,968 | INFO | 1 change detected
2026-09-20 19:35:10,371 | INFO | 1 change detected
2026-09-20 19:35:10,779 | INFO | 1 change detected
2026-09-20 19:35:11,181 | INFO | 1 change detected
2026-09-20 19:35:11,586 | INFO | 1 change detected
2026-09-20 19:35:11,988 | INFO | 1 change detected
2026-09-20 19:35:12,395 | INFO | 1 change detected
2026-09-20 19:35:12,800 | INFO | 1 change detected
2026-09-20 19:35:13,206 | INFO | 1 change detected
2026-09-20 19:35:13,609 | INFO | 1 change detected
2026-09-20 19:35:14,014 | INFO | 1 change detected
2026-09-20 19:35:14,419 | INFO | 1 change detected
2026-09-20 19:35:14,826 | INFO | 1 change detected
2026-09-20 19:35:15,229 | INFO | 1 change detected
2026-09-20 19:35:15,645 | INFO | 1 change detected
2026-09-20 19:35:16,050 | INFO | 1 change detected
2026-09-20 19:35:16,454 | INFO | 1 change detected
2026-09-20 19:35:16,860 | INFO | 1 change detected
2026-09-20 19:35:17,264 | INFO | 1 change detected
2026-09-20 19:35:17,668 | INFO | 1 change detected
2026-09-20 19:35:18,020 | INFO | 1 change detected
2026-09-20 19:35:18,427 | INFO | 1 change detected
2026-09-20 19:35:18,833 | INFO | 1 change detected
2026-09-20 19:35:19,237 | INFO | 1 change detected
2026-09-20 19:35:19,639 | INFO | 1 change detected
2026-09-20 19:35:20,046 | INFO | 1 change detected
2026-09-20 19:35:20,450 | INFO | 1 change detected
2026-09-20 19:35:20,855 | INFO | 1 change detected
2026-09-20 19:35:21,260 | INFO | 1 change detected
2026-09-20 19:35:21,665 | INFO | 1 change detected
2026-09-20 19:35:22,070 | INFO | 1 change detected
2026-09-20 19:35:22,473 | INFO | 1 change detected
2026-09-20 19:35:22,875 | INFO | 1 change detected
2026-09-20 19:35:23,282 | INFO | 1 change detected
2026-09-20 19:35:23,687 | INFO | 1 change detected
2026-09-20 19:35:24,097 | INFO | 1 change detected
2026-09-20 19:35:24,512 | INFO | 1 change detected
2026-09-20 19:35:24,917 | INFO | 1 change detected
2026-09-20 19:35:25,319 | INFO | 1 change detected
2026-09-20 19:35:25,722 | INFO | 1 change detected
2026-09-20 19:35:26,127 | INFO | 1 change detected
2026-09-20 19:35:26,532 | INFO | 1 change detected
2026-09-20 19:35:26,945 | INFO | 1 change detected
2026-09-20 19:35:27,354 | INFO | 1 change detected
2026-09-20 19:35:27,760 | INFO | 1 change detected
2026-09-20 19:35:28,163 | INFO | 1 change detected
2026-09-20 19:35:28,568 | INFO | 1 change detected
2026-09-20 19:35:28,971 | INFO | 1 change detected
2026-09-20 19:35:29,373 | INFO | 1 change detected
2026-09-20 19:35:29,778 | INFO | 1 change detected
2026-09-20 19:35:30,180 | INFO | 1 change detected
2026-09-20 19:35:30,584 | INFO | 1 change detected
2026-09-20 19:35:30,990 | INFO | 1 change detected
2026-09-20 19:35:31,392 | INFO | 1 change detected
2026-09-20 19:35:31,795 | INFO | 1 change detected
2026-09-20 19:35:32,198 | INFO | 1 change detected
2026-09-20 19:35:32,601 | INFO | 1 change detected
2026-09-20 19:35:33,007 | INFO | 1 change detected
2026-09-20 19:35:33,412 | INFO | 1 change detected
2026-09-20 19:35:33,817 | INFO | 1 change detected
2026-09-20 19:35:34,171 | INFO | 1 change detected
2026-09-20 19:35:34,580 | INFO | 1 change detected
2026-09-20 19:35:34,985 | INFO | 1 change detected
2026-09-20 19:35:35,389 | INFO | 1 change detected
2026-09-20 19:35:35,793 | INFO | 1 change detected
2026-09-20 19:35:36,197 | INFO | 1 change detected
2026-09-20 19:35:36,610 | INFO | 1 change detected
2026-09-20 19:35:37,023 | INFO | 1 change detected
2026-09-20 19:35:37,378 | INFO | 1 change detected
2026-09-20 19:35:37,787 | INFO | 1 change detected
2026-09-20 19:35:38,190 | INFO | 1 change detected
2026-09-20 19:35:38,594 | INFO | 1 change detected
2026-09-20 19:35:38,997 | INFO | 1 change detected
2026-09-20 19:35:39,400 | INFO | 1 change detected
2026-09-20 19:35:39,805 | INFO | 1 change detected
2026-09-20 19:35:40,208 | INFO | 1 change detected
2026-09-20 19:35:40,610 | INFO | 1 change detected
2026-09-20 19:35:41,019 | INFO | 1 change detected
2026-09-20 19:35:41,434 | INFO | 1 change detected
2026-09-20 19:35:41,839 | INFO | 1 change detected
2026-09-20 19:35:42,254 | INFO | 1 change detected
2026-09-20 19:35:42,660 | INFO | 1 change detected
2026-09-20 19:35:43,013 | INFO | 1 change detected
2026-09-20 19:35:43,558 | INFO | 1 change detected
2026-09-20 19:35:43,916 | INFO | 1 change detected
2026-09-20 19:35:44,272 | INFO | 1 change detected
2026-09-20 19:35:44,630 | INFO | 1 change detected
2026-09-20 19:35:44,988 | INFO | 1 change detected
2026-09-20 19:35:45,397 | INFO | 1 change detected
2026-09-20 19:35:45,805 | INFO | 1 change detected
2026-09-20 19:35:46,207 | INFO | 1 change detected
2026-09-20 19:35:46,611 | INFO | 1 change detected
2026-09-20 19:35:47,015 | INFO | 1 change detected
2026-09-20 19:35:47,419 | INFO | 1 change detected
2026-09-20 19:35:47,834 | INFO | 1 change detected
2026-09-20 19:35:48,241 | INFO | 1 change detected
2026-09-20 19:35:48,645 | INFO | 1 change detected
2026-09-20 19:35:49,051 | INFO | 2 changes detected
2026-09-20 19:35:49,581 | INFO | 1 change detected
2026-09-20 19:35:49,936 | INFO | 1 change detected
2026-09-20 19:35:50,293 | INFO | 1 change detected
2026-09-20 19:35:50,651 | INFO | 1 change detected
2026-09-20 19:35:51,008 | INFO | 1 change detected
2026-09-20 19:35:51,365 | INFO | 1 change detected
2026-09-20 19:35:51,726 | INFO | 1 change detected
2026-09-20 19:35:52,089 | INFO | 1 change detected
2026-09-20 19:35:52,441 | INFO | 1 change detected
2026-09-20 19:35:52,848 | INFO | 1 change detected
2026-09-20 19:35:53,253 | INFO | 1 change detected
2026-09-20 19:35:53,657 | INFO | 1 change detected
2026-09-20 19:35:54,062 | INFO | 2 changes detected
2026-09-20 19:35:54,593 | INFO | 1 change detected
2026-09-20 19:35:54,950 | INFO | 1 change detected
2026-09-20 19:35:55,308 | INFO | 1 change detected
2026-09-20 19:35:55,663 | INFO | 1 change detected
2026-09-20 19:35:56,071 | INFO | 1 change detected
2026-09-20 19:35:56,474 | INFO | 1 change detected
2026-09-20 19:35:56,878 | INFO | 1 change detected
2026-09-20 19:35:57,283 | INFO | 1 change detected
2026-09-20 19:35:57,687 | INFO | 1 change detected
2026-09-20 19:35:58,091 | INFO | 1 change detected
2026-09-20 19:35:58,494 | INFO | 1 change detected
2026-09-20 19:35:58,898 | INFO | 1 change detected
2026-09-20 19:35:59,303 | INFO | 1 change detected
2026-09-20 19:35:59,706 | INFO | 1 change detected
2026-09-20 19:36:00,061 | INFO | 1 change detected
2026-09-20 19:36:00,467 | INFO | 1 change detected
2026-09-20 19:36:00,873 | INFO | 1 change detected
2026-09-20 19:36:01,278 | INFO | 1 change detected
2026-09-20 19:36:01,734 | INFO | 1 change detected
2026-09-20 19:36:02,101 | INFO | 1 change detected
2026-09-20 19:36:02,506 | INFO | 1 change detected
2026-09-20 19:36:02,922 | INFO | 1 change detected
2026-09-20 19:36:03,327 | INFO | 1 change detected
2026-09-20 19:36:03,731 | INFO | 1 change detected
2026-09-20 19:36:04,136 | INFO | 1 change detected
2026-09-20 19:36:04,538 | INFO | 1 change detected
2026-09-20 19:36:04,943 | INFO | 1 change detected
2026-09-20 19:36:05,348 | INFO | 1 change detected
2026-09-20 19:36:05,752 | INFO | 1 change detected
2026-09-20 19:36:06,155 | INFO | 1 change detected
2026-09-20 19:36:06,558 | INFO | 1 change detected
2026-09-20 19:36:06,962 | INFO | 1 change detected
2026-09-20 19:36:07,367 | INFO | 1 change detected
2026-09-20 19:36:07,769 | INFO | 1 change detected
2026-09-20 19:36:08,177 | INFO | 1 change detected
2026-09-20 19:36:08,580 | INFO | 1 change detected
2026-09-20 19:36:08,985 | INFO | 1 change detected
2026-09-20 19:36:09,341 | INFO | 1 change detected
2026-09-20 19:36:09,748 | INFO | 1 change detected
2026-09-20 19:36:10,153 | INFO | 1 change detected
2026-09-20 19:36:10,557 | INFO | 1 change detected
2026-09-20 19:36:10,958 | INFO | 1 change detected
2026-09-20 19:36:11,362 | INFO | 1 change detected
2026-09-20 19:36:11,765 | INFO | 1 change detected
2026-09-20 19:36:12,169 | INFO | 1 change detected
2026-09-20 19:36:12,574 | INFO | 1 change detected
2026-09-20 19:36:12,979 | INFO | 1 change detected
2026-09-20 19:36:13,386 | INFO | 1 change detected
2026-09-20 19:36:13,787 | INFO | 1 change detected
2026-09-20 19:36:14,192 | INFO | 1 change detected
2026-09-20 19:36:14,595 | INFO | 1 change detected
2026-09-20 19:36:15,001 | INFO | 1 change detected
2026-09-20 19:36:15,406 | INFO | 1 change detected
2026-09-20 19:36:15,810 | INFO | 1 change detected
2026-09-20 19:36:16,214 | INFO | 1 change detected
2026-09-20 19:36:16,620 | INFO | 1 change detected
2026-09-20 19:36:16,972 | INFO | 1 change detected
2026-09-20 19:36:17,382 | INFO | 1 change detected
2026-09-20 19:36:17,786 | INFO | 1 change detected
2026-09-20 19:36:18,190 | INFO | 1 change detected
2026-09-20 19:36:18,592 | INFO | 1 change detected
2026-09-20 19:36:19,008 | INFO | 1 change detected
2026-09-20 19:36:19,413 | INFO | 1 change detected
2026-09-20 19:36:19,816 | INFO | 1 change detected
2026-09-20 19:36:20,219 | INFO | 1 change detected
2026-09-20 19:36:20,621 | INFO | 1 change detected
2026-09-20 19:36:21,023 | INFO | 1 change detected
2026-09-20 19:36:21,429 | INFO | 1 change detected
2026-09-20 19:36:21,833 | INFO | 1 change detected
2026-09-20 19:36:22,238 | INFO | 1 change detected
2026-09-20 19:36:22,645 | INFO | 1 change detected
2026-09-20 19:36:23,049 | INFO | 1 change detected
2026-09-20 19:36:23,454 | INFO | 1 change detected
2026-09-20 19:36:23,859 | INFO | 1 change detected
2026-09-20 19:36:24,263 | INFO | 1 change detected
2026-09-20 19:36:24,666 | INFO | 1 change detected
2026-09-20 19:36:25,070 | INFO | 1 change detected
2026-09-20 19:36:25,475 | INFO | 1 change detected
2026-09-20 19:36:25,878 | INFO | 1 change detected
2026-09-20 19:36:26,283 | INFO | 1 change detected
2026-09-20 19:36:26,686 | INFO | 1 change detected
2026-09-20 19:36:27,090 | INFO | 1 change detected
2026-09-20 19:36:27,493 | INFO | 1 change detected
2026-09-20 19:36:27,898 | INFO | 1 change detected
2026-09-20 19:36:28,304 | INFO | 1 change detected
2026-09-20 19:36:28,709 | INFO | 1 change detected
2026-09-20 19:36:29,111 | INFO | 1 change detected
2026-09-20 19:36:29,517 | INFO | 1 change detected
2026-09-20 19:36:29,919 | INFO | 1 change detected
2026-09-20 19:36:30,323 | INFO | 1 change detected
2026-09-20 19:36:30,728 | INFO | 1 change detected
2026-09-20 19:36:31,132 | INFO | 1 change detected
2026-09-20 19:36:31,537 | INFO | 1 change detected
2026-09-20 19:36:31,946 | INFO | 1 change detected
2026-09-20 19:36:32,360 | INFO | 1 change detected
2026-09-20 19:36:32,764 | INFO | 1 change detected
2026-09-20 19:36:33,169 | INFO | 1 change detected
2026-09-20 19:36:33,574 | INFO | 1 change detected
2026-09-20 19:36:33,940 | INFO | 1 change detected
2026-09-20 19:36:34,345 | INFO | 1 change detected
2026-09-20 19:36:34,760 | INFO | 1 change detected
2026-09-20 19:36:35,163 | INFO | 1 change detected
2026-09-20 19:36:35,566 | INFO | 1 change detected
2026-09-20 19:36:35,968 | INFO | 1 change detected
2026-09-20 19:36:36,370 | INFO | 1 change detected
2026-09-20 19:36:36,774 | INFO | 1 change detected
2026-09-20 19:36:37,177 | INFO | 1 change detected
2026-09-20 19:36:37,582 | INFO | 1 change detected
2026-09-20 19:36:37,989 | INFO | 1 change detected
2026-09-20 19:36:38,406 | INFO | 1 change detected
2026-09-20 19:36:38,809 | INFO | 1 change detected
2026-09-20 19:36:39,213 | INFO | 1 change detected
2026-09-20 19:36:39,617 | INFO | 1 change detected
2026-09-20 19:36:40,023 | INFO | 1 change detected
2026-09-20 19:36:40,428 | INFO | 1 change detected
2026-09-20 19:36:40,830 | INFO | 1 change detected
2026-09-20 19:36:41,233 | INFO | 1 change detected
2026-09-20 19:36:41,635 | INFO | 1 change detected
2026-09-20 19:36:42,037 | INFO | 1 change detected
2026-09-20 19:36:42,439 | INFO | 1 change detected
2026-09-20 19:36:42,842 | INFO | 1 change detected
2026-09-20 19:36:43,247 | INFO | 1 change detected
2026-09-20 19:36:43,648 | INFO | 1 change detected
2026-09-20 19:36:44,054 | INFO | 1 change detected
2026-09-20 19:36:44,458 | INFO | 1 change detected
2026-09-20 19:36:44,861 | INFO | 1 change detected
2026-09-20 19:36:45,226 | INFO | 1 change detected
2026-09-20 19:36:45,633 | INFO | 1 change detected
2026-09-20 19:36:46,040 | INFO | 1 change detected
2026-09-20 19:36:46,445 | INFO | 1 change detected
2026-09-20 19:36:46,851 | INFO | 1 change detected
2026-09-20 19:36:47,252 | INFO | 1 change detected
2026-09-20 19:36:47,661 | INFO | 1 change detected
2026-09-20 19:36:48,063 | INFO | 1 change detected
2026-09-20 19:36:48,517 | INFO | 1 change detected
2026-09-20 19:36:48,882 | INFO | 1 change detected
2026-09-20 19:36:49,289 | INFO | 1 change detected
2026-09-20 19:36:49,693 | INFO | 1 change detected
2026-09-20 19:36:50,098 | INFO | 1 change detected
2026-09-20 19:36:50,450 | INFO | 1 change detected
2026-09-20 19:36:50,809 | INFO | 1 change detected
2026-09-20 19:36:51,166 | INFO | 1 change detected
2026-09-20 19:36:51,524 | INFO | 1 change detected
2026-09-20 19:36:51,882 | INFO | 1 change detected
2026-09-20 19:36:52,240 | INFO | 1 change detected
2026-09-20 19:36:52,596 | INFO | 1 change detected
2026-09-20 19:36:52,955 | INFO | 1 change detected
2026-09-20 19:36:53,314 | INFO | 1 change detected
2026-09-20 19:36:53,669 | INFO | 1 change detected
2026-09-20 19:36:54,025 | INFO | 1 change detected
2026-09-20 19:36:54,386 | INFO | 1 change detected
2026-09-20 19:36:54,742 | INFO | 1 change detected
2026-09-20 19:36:55,098 | INFO | 1 change detected
2026-09-20 19:36:55,455 | INFO | 1 change detected
2026-09-20 19:36:55,812 | INFO | 1 change detected
2026-09-20 19:36:56,168 | INFO | 1 change detected
2026-09-20 19:36:56,527 | INFO | 1 change detected
2026-09-20 19:36:56,884 | INFO | 1 change detected
2026-09-20 19:36:57,240 | INFO | 1 change detected
2026-09-20 19:36:57,597 | INFO | 1 change detected
2026-09-20 19:36:57,956 | INFO | 1 change detected
2026-09-20 19:36:58,314 | INFO | 1 change detected
2026-09-20 19:36:58,671 | INFO | 1 change detected
2026-09-20 19:36:59,028 | INFO | 1 change detected
2026-09-20 19:36:59,386 | INFO | 1 change detected
2026-09-20 19:36:59,744 | INFO | 1 change detected
2026-09-20 19:37:00,098 | INFO | 1 change detected
2026-09-20 19:37:00,456 | INFO | 1 change detected
2026-09-20 19:37:00,812 | INFO | 1 change detected
2026-09-20 19:37:01,170 | INFO | 1 change detected
2026-09-20 19:37:01,526 | INFO | 1 change detected
2026-09-20 19:37:01,882 | INFO | 1 change detected
2026-09-20 19:37:02,238 | INFO | 1 change detected
2026-09-20 19:37:02,603 | INFO | 1 change detected
2026-09-20 19:37:02,954 | INFO | 1 change detected
2026-09-20 19:37:03,310 | INFO | 1 change detected
2026-09-20 19:37:03,667 | INFO | 1 change detected
2026-09-20 19:37:04,025 | INFO | 1 change detected
2026-09-20 19:37:04,381 | INFO | 1 change detected
2026-09-20 19:37:04,741 | INFO | 1 change detected
2026-09-20 19:37:05,097 | INFO | 1 change detected
2026-09-20 19:37:05,468 | INFO | 1 change detected
2026-09-20 19:37:05,830 | INFO | 1 change detected
2026-09-20 19:37:06,185 | INFO | 1 change detected
2026-09-20 19:37:06,542 | INFO | 1 change detected
2026-09-20 19:37:06,898 | INFO | 1 change detected
2026-09-20 19:37:07,253 | INFO | 1 change detected
2026-09-20 19:37:07,612 | INFO | 1 change detected
2026-09-20 19:37:07,965 | INFO | 1 change detected
2026-09-20 19:37:08,323 | INFO | 1 change detected
2026-09-20 19:37:08,681 | INFO | 1 change detected
2026-09-20 19:37:09,038 | INFO | 1 change detected
2026-09-20 19:37:09,395 | INFO | 1 change detected
2026-09-20 19:37:09,754 | INFO | 1 change detected
2026-09-20 19:37:10,109 | INFO | 1 change detected
2026-09-20 19:37:10,469 | INFO | 1 change detected
2026-09-20 19:37:10,825 | INFO | 1 change detected
2026-09-20 19:37:11,178 | INFO | 1 change detected
2026-09-20 19:37:11,536 | INFO | 1 change detected
2026-09-20 19:37:11,896 | INFO | 1 change detected
2026-09-20 19:37:12,252 | INFO | 1 change detected
2026-09-20 19:37:12,605 | INFO | 1 change detected
2026-09-20 19:37:12,961 | INFO | 1 change detected
2026-09-20 19:37:13,318 | INFO | 1 change detected
2026-09-20 19:37:13,675 | INFO | 1 change detected
2026-09-20 19:37:14,033 | INFO | 1 change detected
2026-09-20 19:37:14,392 | INFO | 1 change detected
2026-09-20 19:37:14,747 | INFO | 1 change detected
2026-09-20 19:37:15,103 | INFO | 1 change detected
2026-09-20 19:37:15,463 | INFO | 1 change detected
2026-09-20 19:37:15,822 | INFO | 1 change detected
2026-09-20 19:37:16,179 | INFO | 1 change detected
2026-09-20 19:37:16,541 | INFO | 1 change detected
2026-09-20 19:37:16,895 | INFO | 1 change detected
2026-09-20 19:37:17,253 | INFO | 1 change detected
2026-09-20 19:37:17,610 | INFO | 1 change detected
2026-09-20 19:37:17,968 | INFO | 1 change detected
2026-09-20 19:37:18,327 | INFO | 1 change detected
2026-09-20 19:37:18,684 | INFO | 1 change detected
2026-09-20 19:37:19,044 | INFO | 1 change detected
2026-09-20 19:37:19,399 | INFO | 1 change detected
2026-09-20 19:37:19,756 | INFO | 1 change detected
2026-09-20 19:37:20,112 | INFO | 1 change detected
2026-09-20 19:37:20,467 | INFO | 1 change detected
2026-09-20 19:37:20,826 | INFO | 1 change detected
2026-09-20 19:37:21,184 | INFO | 1 change detected
2026-09-20 19:37:21,542 | INFO | 1 change detected
2026-09-20 19:37:21,898 | INFO | 1 change detected
2026-09-20 19:37:22,254 | INFO | 1 change detected
2026-09-20 19:37:22,614 | INFO | 1 change detected
2026-09-20 19:37:22,971 | INFO | 1 change detected
2026-09-20 19:37:23,328 | INFO | 1 change detected
2026-09-20 19:37:23,686 | INFO | 1 change detected
2026-09-20 19:37:24,045 | INFO | 1 change detected
2026-09-20 19:37:24,402 | INFO | 1 change detected
2026-09-20 19:37:24,760 | INFO | 1 change detected
2026-09-20 19:37:25,118 | INFO | 1 change detected
2026-09-20 19:37:25,473 | INFO | 1 change detected
2026-09-20 19:37:25,830 | INFO | 1 change detected
2026-09-20 19:37:26,186 | INFO | 1 change detected
2026-09-21 15:55:50,350 | ERROR | 查询学习统计失败
Traceback (most recent call last):
  File "D:\Work\个人学习记录和复盘助手\main.py", line 236, in get_subject_stats
    cursor.execute(str, date)
  File "D:\python\Lib\site-packages\pymysql\cursors.py", line 159, in execute
    result = self._query(query)
             ^^^^^^^^^^^^^^^^^^
  File "D:\python\Lib\site-packages\pymysql\cursors.py", line 330, in _query
    conn.query(q)
  File "D:\python\Lib\site-packages\pymysql\connections.py", line 582, in query
    self._affected_rows = self._read_query_result(unbuffered=unbuffered)
                          ^^^^^^^^^^^^^^^^^^^^^^^^^^^^^^^^^^^^^^^^^^^^^^
  File "D:\python\Lib\site-packages\pymysql\connections.py", line 847, in _read_query_result
    result.read()
  File "D:\python\Lib\site-packages\pymysql\connections.py", line 1245, in read
    first_packet = self.connection._read_packet()
                   ^^^^^^^^^^^^^^^^^^^^^^^^^^^^^^
  File "D:\python\Lib\site-packages\pymysql\connections.py", line 803, in _read_packet
    packet.raise_for_error()
  File "D:\python\Lib\site-packages\pymysql\protocol.py", line 219, in raise_for_error
    err.raise_mysql_exception(self._data)
  File "D:\python\Lib\site-packages\pymysql\err.py", line 154, in raise_mysql_exception
    raise errorclass(errno, errval, sqlstate=sqlstate)
pymysql.err.ProgrammingError: (1064, "You have an error in your SQL syntax; check the manual that corresponds to your MySQL server version for the right syntax to use near 'GRUOP BY Subject ORDER BY total_minutes DESC' at line 7")
2026-09-21 15:55:51,462 | ERROR | 查询学习统计失败
Traceback (most recent call last):
  File "D:\Work\个人学习记录和复盘助手\main.py", line 236, in get_subject_stats
    cursor.execute(str, date)
  File "D:\python\Lib\site-packages\pymysql\cursors.py", line 159, in execute
    result = self._query(query)
             ^^^^^^^^^^^^^^^^^^
  File "D:\python\Lib\site-packages\pymysql\cursors.py", line 330, in _query
    conn.query(q)
  File "D:\python\Lib\site-packages\pymysql\connections.py", line 582, in query
    self._affected_rows = self._read_query_result(unbuffered=unbuffered)
                          ^^^^^^^^^^^^^^^^^^^^^^^^^^^^^^^^^^^^^^^^^^^^^^
  File "D:\python\Lib\site-packages\pymysql\connections.py", line 847, in _read_query_result
    result.read()
  File "D:\python\Lib\site-packages\pymysql\connections.py", line 1245, in read
    first_packet = self.connection._read_packet()
                   ^^^^^^^^^^^^^^^^^^^^^^^^^^^^^^
  File "D:\python\Lib\site-packages\pymysql\connections.py", line 803, in _read_packet
    packet.raise_for_error()
  File "D:\python\Lib\site-packages\pymysql\protocol.py", line 219, in raise_for_error
    err.raise_mysql_exception(self._data)
  File "D:\python\Lib\site-packages\pymysql\err.py", line 154, in raise_mysql_exception
    raise errorclass(errno, errval, sqlstate=sqlstate)
pymysql.err.ProgrammingError: (1064, "You have an error in your SQL syntax; check the manual that corresponds to your MySQL server version for the right syntax to use near 'GRUOP BY Subject ORDER BY total_minutes DESC' at line 7")
2026-09-21 15:56:38,626 | ERROR | 查询学习统计失败
Traceback (most recent call last):
  File "D:\Work\个人学习记录和复盘助手\main.py", line 236, in get_subject_stats
    cursor.execute(str, date)
  File "D:\python\Lib\site-packages\pymysql\cursors.py", line 159, in execute
    result = self._query(query)
             ^^^^^^^^^^^^^^^^^^
  File "D:\python\Lib\site-packages\pymysql\cursors.py", line 330, in _query
    conn.query(q)
  File "D:\python\Lib\site-packages\pymysql\connections.py", line 582, in query
    self._affected_rows = self._read_query_result(unbuffered=unbuffered)
                          ^^^^^^^^^^^^^^^^^^^^^^^^^^^^^^^^^^^^^^^^^^^^^^
  File "D:\python\Lib\site-packages\pymysql\connections.py", line 847, in _read_query_result
    result.read()
  File "D:\python\Lib\site-packages\pymysql\connections.py", line 1245, in read
    first_packet = self.connection._read_packet()
                   ^^^^^^^^^^^^^^^^^^^^^^^^^^^^^^
  File "D:\python\Lib\site-packages\pymysql\connections.py", line 803, in _read_packet
    packet.raise_for_error()
  File "D:\python\Lib\site-packages\pymysql\protocol.py", line 219, in raise_for_error
    err.raise_mysql_exception(self._data)
  File "D:\python\Lib\site-packages\pymysql\err.py", line 154, in raise_mysql_exception
    raise errorclass(errno, errval, sqlstate=sqlstate)
pymysql.err.ProgrammingError: (1064, "You have an error in your SQL syntax; check the manual that corresponds to your MySQL server version for the right syntax to use near 'GRUOP BY Subject ORDER BY total_minutes DESC' at line 7")
2026-09-21 15:56:39,278 | ERROR | 查询学习统计失败
Traceback (most recent call last):
  File "D:\Work\个人学习记录和复盘助手\main.py", line 236, in get_subject_stats
    cursor.execute(str, date)
  File "D:\python\Lib\site-packages\pymysql\cursors.py", line 159, in execute
    result = self._query(query)
             ^^^^^^^^^^^^^^^^^^
  File "D:\python\Lib\site-packages\pymysql\cursors.py", line 330, in _query
    conn.query(q)
  File "D:\python\Lib\site-packages\pymysql\connections.py", line 582, in query
    self._affected_rows = self._read_query_result(unbuffered=unbuffered)
                          ^^^^^^^^^^^^^^^^^^^^^^^^^^^^^^^^^^^^^^^^^^^^^^
  File "D:\python\Lib\site-packages\pymysql\connections.py", line 847, in _read_query_result
    result.read()
  File "D:\python\Lib\site-packages\pymysql\connections.py", line 1245, in read
    first_packet = self.connection._read_packet()
                   ^^^^^^^^^^^^^^^^^^^^^^^^^^^^^^
  File "D:\python\Lib\site-packages\pymysql\connections.py", line 803, in _read_packet
    packet.raise_for_error()
  File "D:\python\Lib\site-packages\pymysql\protocol.py", line 219, in raise_for_error
    err.raise_mysql_exception(self._data)
  File "D:\python\Lib\site-packages\pymysql\err.py", line 154, in raise_mysql_exception
    raise errorclass(errno, errval, sqlstate=sqlstate)
pymysql.err.ProgrammingError: (1064, "You have an error in your SQL syntax; check the manual that corresponds to your MySQL server version for the right syntax to use near 'GRUOP BY Subject ORDER BY total_minutes DESC' at line 7")
2026-09-21 15:56:51,043 | ERROR | 查询学习统计失败
Traceback (most recent call last):
  File "D:\Work\个人学习记录和复盘助手\main.py", line 236, in get_subject_stats
    cursor.execute(str, date)
  File "D:\python\Lib\site-packages\pymysql\cursors.py", line 159, in execute
    result = self._query(query)
             ^^^^^^^^^^^^^^^^^^
  File "D:\python\Lib\site-packages\pymysql\cursors.py", line 330, in _query
    conn.query(q)
  File "D:\python\Lib\site-packages\pymysql\connections.py", line 582, in query
    self._affected_rows = self._read_query_result(unbuffered=unbuffered)
                          ^^^^^^^^^^^^^^^^^^^^^^^^^^^^^^^^^^^^^^^^^^^^^^
  File "D:\python\Lib\site-packages\pymysql\connections.py", line 847, in _read_query_result
    result.read()
  File "D:\python\Lib\site-packages\pymysql\connections.py", line 1245, in read
    first_packet = self.connection._read_packet()
                   ^^^^^^^^^^^^^^^^^^^^^^^^^^^^^^
  File "D:\python\Lib\site-packages\pymysql\connections.py", line 803, in _read_packet
    packet.raise_for_error()
  File "D:\python\Lib\site-packages\pymysql\protocol.py", line 219, in raise_for_error
    err.raise_mysql_exception(self._data)
  File "D:\python\Lib\site-packages\pymysql\err.py", line 154, in raise_mysql_exception
    raise errorclass(errno, errval, sqlstate=sqlstate)
pymysql.err.ProgrammingError: (1064, "You have an error in your SQL syntax; check the manual that corresponds to your MySQL server version for the right syntax to use near 'GRUOP BY Subject ORDER BY total_minutes DESC' at line 7")
